model,series,x,bf
Qwen3-4B-Instruct-2507,self_conditioned_baseline,0,1.0759922557970407
Qwen3-4B-Instruct-2507,self_conditioned_baseline,1,1.251862038418915
Qwen3-4B-Instruct-2507,self_conditioned_baseline,2,1.1603540354830755
Qwen3-4B-Instruct-2507,self_conditioned_baseline,3,1.1215114300868185
Qwen3-4B-Instruct-2507,self_conditioned_baseline,4,1.0963409097298848
Qwen3-4B-Instruct-2507,self_conditioned_baseline,5,1.0911790878507148
Qwen3-4B-Instruct-2507,self_conditioned_baseline,6,1.1151853165135401
Qwen3-4B-Instruct-2507,self_conditioned_baseline,7,1.1504105837736354
Qwen3-4B-Instruct-2507,self_conditioned_baseline,8,1.1854903594607122
Qwen3-4B-Instruct-2507,self_conditioned_baseline,9,1.1883005151233683
Qwen3-4B-Instruct-2507,self_conditioned_baseline,10,1.2176292452291873
Qwen3-4B-Instruct-2507,self_conditioned_baseline,11,1.2595697562330808
Qwen3-4B-Instruct-2507,self_conditioned_baseline,12,1.2729861525524047
Qwen3-4B-Instruct-2507,self_conditioned_baseline,13,1.274758990543944
Qwen3-4B-Instruct-2507,self_conditioned_baseline,14,1.279271782845428
Qwen3-4B-Instruct-2507,self_conditioned_baseline,15,1.2808948858175702
Qwen3-4B-Instruct-2507,self_conditioned_baseline,16,1.2810269439837898
Qwen3-4B-Instruct-2507,self_conditioned_baseline,17,1.2772180309666232
Qwen3-4B-Instruct-2507,self_conditioned_baseline,18,1.2740034169280612
Qwen3-4B-Instruct-2507,self_conditioned_baseline,19,1.2752139160307645
Qwen3-4B-Instruct-2507,self_conditioned_baseline,20,1.2711539258209505
Qwen3-4B-Instruct-2507,self_conditioned_baseline,21,1.2718056058032203
Qwen3-4B-Instruct-2507,self_conditioned_baseline,22,1.2723472502813549
Qwen3-4B-Instruct-2507,self_conditioned_baseline,23,1.2802784461241854
Qwen3-4B-Instruct-2507,self_conditioned_baseline,24,1.2824858878755763
Qwen3-4B-Instruct-2507,self_conditioned_baseline,25,1.2847192535676462
Qwen3-4B-Instruct-2507,self_conditioned_baseline,26,1.2835475976420225
Qwen3-4B-Instruct-2507,self_conditioned_baseline,27,1.2832911568099323
Qwen3-4B-Instruct-2507,self_conditioned_baseline,28,1.2824892535489303
Qwen3-4B-Instruct-2507,self_conditioned_baseline,29,1.2818032258102634
Qwen3-4B-Instruct-2507,self_conditioned_baseline,30,1.281436109069344
Qwen3-4B-Instruct-2507,self_conditioned_baseline,31,1.280926032547097
Qwen3-4B-Instruct-2507,self_conditioned_baseline,32,1.2793877354485668
Qwen3-4B-Instruct-2507,self_conditioned_baseline,33,1.2781027056473242
Qwen3-4B-Instruct-2507,self_conditioned_baseline,34,1.2765940762531403
Qwen3-4B-Instruct-2507,self_conditioned_baseline,35,1.276100930508191
Qwen3-4B-Instruct-2507,self_conditioned_baseline,36,1.2752545008363396
Qwen3-4B-Instruct-2507,self_conditioned_baseline,37,1.2743008634088675
Qwen3-4B-Instruct-2507,self_conditioned_baseline,38,1.2732203149826808
Qwen3-4B-Instruct-2507,self_conditioned_baseline,39,1.2716073092583324
Qwen3-4B-Instruct-2507,self_conditioned_baseline,40,1.270837038031632
Qwen3-4B-Instruct-2507,self_conditioned_baseline,41,1.2693712366006384
Qwen3-4B-Instruct-2507,self_conditioned_baseline,42,1.2682821327037497
Qwen3-4B-Instruct-2507,self_conditioned_baseline,43,1.2668525002336617
Qwen3-4B-Instruct-2507,self_conditioned_baseline,44,1.2654258810839705
Qwen3-4B-Instruct-2507,self_conditioned_baseline,45,1.2642548043821018
Qwen3-4B-Instruct-2507,self_conditioned_baseline,46,1.2627365289653243
Qwen3-4B-Instruct-2507,self_conditioned_baseline,47,1.2611751849170403
Qwen3-4B-Instruct-2507,self_conditioned_baseline,48,1.259984037044553
Qwen3-4B-Instruct-2507,self_conditioned_baseline,49,1.258287464583292
Qwen3-4B-Instruct-2507,self_conditioned_baseline,50,1.25671971853099
Qwen3-4B-Instruct-2507,self_conditioned_baseline,51,1.255352367527099
Qwen3-4B-Instruct-2507,self_conditioned_baseline,52,1.2544732304904849
Qwen3-4B-Instruct-2507,self_conditioned_baseline,53,1.2537036454184416
Qwen3-4B-Instruct-2507,self_conditioned_baseline,54,1.253215349399362
Qwen3-4B-Instruct-2507,self_conditioned_baseline,55,1.252725498738045
Qwen3-4B-Instruct-2507,self_conditioned_baseline,56,1.2524717707650652
Qwen3-4B-Instruct-2507,self_conditioned_baseline,57,1.2526040376236869
Qwen3-4B-Instruct-2507,self_conditioned_baseline,58,1.2530899642439182
Qwen3-4B-Instruct-2507,self_conditioned_baseline,59,1.2536018054940288
Qwen3-4B-Instruct-2507,self_conditioned_baseline,60,1.2543354177293748
Qwen3-4B-Instruct-2507,self_conditioned_baseline,61,1.2553444540321566
Qwen3-4B-Instruct-2507,self_conditioned_baseline,62,1.2565587357089294
Qwen3-4B-Instruct-2507,self_conditioned_baseline,63,1.2576255210733138
Qwen3-4B-Instruct-2507,self_conditioned_baseline,64,1.2589067125261937
Qwen3-4B-Instruct-2507,self_conditioned_baseline,65,1.2602016714941662
Qwen3-4B-Instruct-2507,self_conditioned_baseline,66,1.2613265296255927
Qwen3-4B-Instruct-2507,self_conditioned_baseline,67,1.2630077064377958
Qwen3-4B-Instruct-2507,self_conditioned_baseline,68,1.2646238250394444
Qwen3-4B-Instruct-2507,self_conditioned_baseline,69,1.265978347989618
Qwen3-4B-Instruct-2507,self_conditioned_baseline,70,1.2674551115275694
Qwen3-4B-Instruct-2507,self_conditioned_baseline,71,1.2689304787170541
Qwen3-4B-Instruct-2507,self_conditioned_baseline,72,1.2703333548025195
Qwen3-4B-Instruct-2507,self_conditioned_baseline,73,1.271583974095314
Qwen3-4B-Instruct-2507,self_conditioned_baseline,74,1.2729273380597796
Qwen3-4B-Instruct-2507,self_conditioned_baseline,75,1.2744203424199483
Qwen3-4B-Instruct-2507,self_conditioned_baseline,76,1.2753854269699934
Qwen3-4B-Instruct-2507,self_conditioned_baseline,77,1.276817682036429
Qwen3-4B-Instruct-2507,self_conditioned_baseline,78,1.2781743730820947
Qwen3-4B-Instruct-2507,self_conditioned_baseline,79,1.2797878131223797
Qwen3-4B-Instruct-2507,self_conditioned_baseline,80,1.2812086869833865
Qwen3-4B-Instruct-2507,self_conditioned_baseline,81,1.2825078604428013
Qwen3-4B-Instruct-2507,self_conditioned_baseline,82,1.2839428191183495
Qwen3-4B-Instruct-2507,self_conditioned_baseline,83,1.2852761678493516
Qwen3-4B-Instruct-2507,self_conditioned_baseline,84,1.2865375422609402
Qwen3-4B-Instruct-2507,self_conditioned_baseline,85,1.2877373815653177
Qwen3-4B-Instruct-2507,self_conditioned_baseline,86,1.2888927902489218
Qwen3-4B-Instruct-2507,self_conditioned_baseline,87,1.2902744043198755
Qwen3-4B-Instruct-2507,self_conditioned_baseline,88,1.2915062093901601
Qwen3-4B-Instruct-2507,self_conditioned_baseline,89,1.292595269504301
Qwen3-4B-Instruct-2507,self_conditioned_baseline,90,1.293802121500857
Qwen3-4B-Instruct-2507,self_conditioned_baseline,91,1.2947249240549525
Qwen3-4B-Instruct-2507,self_conditioned_baseline,92,1.2959146537122974
Qwen3-4B-Instruct-2507,self_conditioned_baseline,93,1.2968999106386405
Qwen3-4B-Instruct-2507,self_conditioned_baseline,94,1.298046106117962
Qwen3-4B-Instruct-2507,self_conditioned_baseline,95,1.2992022457893035
Qwen3-4B-Instruct-2507,self_conditioned_baseline,96,1.3002625089222895
Qwen3-4B-Instruct-2507,self_conditioned_baseline,97,1.301129604401183
Qwen3-4B-Instruct-2507,self_conditioned_baseline,98,1.3019869869602902
Qwen3-4B-Instruct-2507,self_conditioned_baseline,99,1.302706458085325
Qwen3-4B-Instruct-2507,self_conditioned_baseline,100,1.3034989324486448
Qwen3-4B-Instruct-2507,self_conditioned_baseline,101,1.3043219327278472
Qwen3-4B-Instruct-2507,self_conditioned_baseline,102,1.3052832317100302
Qwen3-4B-Instruct-2507,self_conditioned_baseline,103,1.3063308103069684
Qwen3-4B-Instruct-2507,self_conditioned_baseline,104,1.307221672056538
Qwen3-4B-Instruct-2507,self_conditioned_baseline,105,1.3080271423284424
Qwen3-4B-Instruct-2507,self_conditioned_baseline,106,1.3090380477768029
Qwen3-4B-Instruct-2507,self_conditioned_baseline,107,1.3098547838459251
Qwen3-4B-Instruct-2507,self_conditioned_baseline,108,1.3108167355510383
Qwen3-4B-Instruct-2507,self_conditioned_baseline,109,1.3115207379941183
Qwen3-4B-Instruct-2507,self_conditioned_baseline,110,1.3123346459937801
Qwen3-4B-Instruct-2507,self_conditioned_baseline,111,1.313002427557861
Qwen3-4B-Instruct-2507,self_conditioned_baseline,112,1.3137949652321481
Qwen3-4B-Instruct-2507,self_conditioned_baseline,113,1.3143013170890918
Qwen3-4B-Instruct-2507,self_conditioned_baseline,114,1.3153569339292264
Qwen3-4B-Instruct-2507,self_conditioned_baseline,115,1.316125953417478
Qwen3-4B-Instruct-2507,self_conditioned_baseline,116,1.3167314816682847
Qwen3-4B-Instruct-2507,self_conditioned_baseline,117,1.3172918003784355
Qwen3-4B-Instruct-2507,self_conditioned_baseline,118,1.3179332363202676
Qwen3-4B-Instruct-2507,self_conditioned_baseline,119,1.3187513405826488
Qwen3-4B-Instruct-2507,self_conditioned_baseline,120,1.3195053628054756
Qwen3-4B-Instruct-2507,self_conditioned_baseline,121,1.3200963728496584
Qwen3-4B-Instruct-2507,self_conditioned_baseline,122,1.3208886764572427
Qwen3-4B-Instruct-2507,self_conditioned_baseline,123,1.3216481936446756
Qwen3-4B-Instruct-2507,self_conditioned_baseline,124,1.3226502817801469
Qwen3-4B-Instruct-2507,self_conditioned_baseline,125,1.3232810427368549
Qwen3-4B-Instruct-2507,self_conditioned_baseline,126,1.3240253289724664
Qwen3-4B-Instruct-2507,self_conditioned_baseline,127,1.3244750511552725
Qwen3-4B-Instruct-2507,self_conditioned_baseline,128,1.3253140420938754
Qwen3-4B-Instruct-2507,self_conditioned_baseline,129,1.3259730895962907
Qwen3-4B-Instruct-2507,self_conditioned_baseline,130,1.3267466276518594
Qwen3-4B-Instruct-2507,self_conditioned_baseline,131,1.3276053430903294
Qwen3-4B-Instruct-2507,self_conditioned_baseline,132,1.32822582187299
Qwen3-4B-Instruct-2507,self_conditioned_baseline,133,1.3290463240533992
Qwen3-4B-Instruct-2507,self_conditioned_baseline,134,1.329961396203067
Qwen3-4B-Instruct-2507,self_conditioned_baseline,135,1.3305257246201068
Qwen3-4B-Instruct-2507,self_conditioned_baseline,136,1.331265062779457
Qwen3-4B-Instruct-2507,self_conditioned_baseline,137,1.331880844979001
Qwen3-4B-Instruct-2507,self_conditioned_baseline,138,1.3341061763004802
Qwen3-4B-Instruct-2507,self_conditioned_baseline,139,1.335881043237398
Qwen3-4B-Instruct-2507,self_conditioned_baseline,140,1.3366323765139363
Qwen3-4B-Instruct-2507,self_conditioned_baseline,141,1.3374939652281401
Qwen3-4B-Instruct-2507,self_conditioned_baseline,142,1.3380886983676834
Qwen3-4B-Instruct-2507,self_conditioned_baseline,143,1.3394911822595708
Qwen3-4B-Instruct-2507,self_conditioned_baseline,144,1.3402714288563342
Qwen3-4B-Instruct-2507,self_conditioned_baseline,145,1.3406135502583374
Qwen3-4B-Instruct-2507,self_conditioned_baseline,146,1.341107016732664
Qwen3-4B-Instruct-2507,self_conditioned_baseline,147,1.3418385741459036
Qwen3-4B-Instruct-2507,self_conditioned_baseline,148,1.342319138077881
Qwen3-4B-Instruct-2507,self_conditioned_baseline,149,1.343075512951047
Qwen3-4B-Instruct-2507,self_conditioned_baseline,150,1.3446940309374598
Qwen3-4B-Instruct-2507,self_conditioned_baseline,151,1.3463632201869318
Qwen3-4B-Instruct-2507,self_conditioned_baseline,152,1.3470334572337956
Qwen3-4B-Instruct-2507,self_conditioned_baseline,153,1.3475255665465578
Qwen3-4B-Instruct-2507,self_conditioned_baseline,154,1.3480672342916502
Qwen3-4B-Instruct-2507,self_conditioned_baseline,155,1.3483953329751577
Qwen3-4B-Instruct-2507,self_conditioned_baseline,156,1.3486492626906588
Qwen3-4B-Instruct-2507,self_conditioned_baseline,157,1.3491028633496203
Qwen3-4B-Instruct-2507,self_conditioned_baseline,158,1.3495660160627598
Qwen3-4B-Instruct-2507,self_conditioned_baseline,159,1.3502996729349872
Qwen3-4B-Instruct-2507,self_conditioned_baseline,160,1.3506364570245755
Qwen3-4B-Instruct-2507,self_conditioned_baseline,161,1.3510985934162547
Qwen3-4B-Instruct-2507,self_conditioned_baseline,162,1.3516187827075503
Qwen3-4B-Instruct-2507,self_conditioned_baseline,163,1.3521792463413334
Qwen3-4B-Instruct-2507,self_conditioned_baseline,164,1.352717626893176
Qwen3-4B-Instruct-2507,self_conditioned_baseline,165,1.353295875524076
Qwen3-4B-Instruct-2507,self_conditioned_baseline,166,1.35384321053969
Qwen3-4B-Instruct-2507,self_conditioned_baseline,167,1.355244320742393
Qwen3-4B-Instruct-2507,self_conditioned_baseline,168,1.355911159394312
Qwen3-4B-Instruct-2507,self_conditioned_baseline,169,1.356303396445124
Qwen3-4B-Instruct-2507,self_conditioned_baseline,170,1.3566896981034768
Qwen3-4B-Instruct-2507,self_conditioned_baseline,171,1.3570895090410398
Qwen3-4B-Instruct-2507,self_conditioned_baseline,172,1.3574208500784317
Qwen3-4B-Instruct-2507,self_conditioned_baseline,173,1.3578796398555621
Qwen3-4B-Instruct-2507,self_conditioned_baseline,174,1.359087666180019
Qwen3-4B-Instruct-2507,self_conditioned_baseline,175,1.3596130306482348
Qwen3-4B-Instruct-2507,self_conditioned_baseline,176,1.3599581244271992
Qwen3-4B-Instruct-2507,self_conditioned_baseline,177,1.3604352524056615
Qwen3-4B-Instruct-2507,self_conditioned_baseline,178,1.3607500629416116
Qwen3-4B-Instruct-2507,self_conditioned_baseline,179,1.3613990224179804
Qwen3-4B-Instruct-2507,self_conditioned_baseline,180,1.3621373790653788
Qwen3-4B-Instruct-2507,self_conditioned_baseline,181,1.3624196086553122
Qwen3-4B-Instruct-2507,self_conditioned_baseline,182,1.36325276314642
Qwen3-4B-Instruct-2507,self_conditioned_baseline,183,1.3636174786532724
Qwen3-4B-Instruct-2507,self_conditioned_baseline,184,1.3643340361648548
Qwen3-4B-Instruct-2507,self_conditioned_baseline,185,1.3647105543808877
Qwen3-4B-Instruct-2507,self_conditioned_baseline,186,1.3651141900414168
Qwen3-4B-Instruct-2507,self_conditioned_baseline,187,1.3657064569862374
Qwen3-4B-Instruct-2507,self_conditioned_baseline,188,1.3659904270467544
Qwen3-4B-Instruct-2507,self_conditioned_baseline,189,1.3665139448722357
Qwen3-4B-Instruct-2507,self_conditioned_baseline,190,1.3669230328993747
Qwen3-4B-Instruct-2507,self_conditioned_baseline,191,1.3673551940483795
Qwen3-4B-Instruct-2507,self_conditioned_baseline,192,1.3688960658555922
Qwen3-4B-Instruct-2507,self_conditioned_baseline,193,1.3693306022354486
Qwen3-4B-Instruct-2507,self_conditioned_baseline,194,1.3697658638230166
Qwen3-4B-Instruct-2507,self_conditioned_baseline,195,1.3702006611688824
Qwen3-4B-Instruct-2507,self_conditioned_baseline,196,1.370742152486393
Qwen3-4B-Instruct-2507,self_conditioned_baseline,197,1.3711257930806557
Qwen3-4B-Instruct-2507,self_conditioned_baseline,198,1.3716187508270385
Qwen3-4B-Instruct-2507,self_conditioned_baseline,199,1.3728049386916084
Qwen3-4B-Instruct-2507,self_conditioned_baseline,200,1.3730770106158823
Qwen3-4B-Instruct-2507,self_conditioned_baseline,201,1.3736302866765282
Qwen3-4B-Instruct-2507,self_conditioned_baseline,202,1.374377429725562
Qwen3-4B-Instruct-2507,self_conditioned_baseline,203,1.3750235511757583
Qwen3-4B-Instruct-2507,self_conditioned_baseline,204,1.3752909308645784
Qwen3-4B-Instruct-2507,self_conditioned_baseline,205,1.3757550427680207
Qwen3-4B-Instruct-2507,self_conditioned_baseline,206,1.3763037272107748
Qwen3-4B-Instruct-2507,self_conditioned_baseline,207,1.376871821560071
Qwen3-4B-Instruct-2507,self_conditioned_baseline,208,1.377301449596557
Qwen3-4B-Instruct-2507,self_conditioned_baseline,209,1.3775340934312799
Qwen3-4B-Instruct-2507,self_conditioned_baseline,210,1.3777715389173721
Qwen3-4B-Instruct-2507,self_conditioned_baseline,211,1.3782682577454897
Qwen3-4B-Instruct-2507,self_conditioned_baseline,212,1.3787163321860267
Qwen3-4B-Instruct-2507,self_conditioned_baseline,213,1.379131774026564
Qwen3-4B-Instruct-2507,self_conditioned_baseline,214,1.3795552231998842
Qwen3-4B-Instruct-2507,self_conditioned_baseline,215,1.380159737423276
Qwen3-4B-Instruct-2507,self_conditioned_baseline,216,1.3805214032353188
Qwen3-4B-Instruct-2507,self_conditioned_baseline,217,1.381050149540409
Qwen3-4B-Instruct-2507,self_conditioned_baseline,218,1.381424499168011
Qwen3-4B-Instruct-2507,self_conditioned_baseline,219,1.3822670644694706
Qwen3-4B-Instruct-2507,self_conditioned_baseline,220,1.3826383986539046
Qwen3-4B-Instruct-2507,self_conditioned_baseline,221,1.3833213124522392
Qwen3-4B-Instruct-2507,self_conditioned_baseline,222,1.3837651155081085
Qwen3-4B-Instruct-2507,self_conditioned_baseline,223,1.3840367040544326
Qwen3-4B-Instruct-2507,self_conditioned_baseline,224,1.3842767278675359
Qwen3-4B-Instruct-2507,self_conditioned_baseline,225,1.3846102206534032
Qwen3-4B-Instruct-2507,self_conditioned_baseline,226,1.3847951081655527
Qwen3-4B-Instruct-2507,self_conditioned_baseline,227,1.3851627747390542
Qwen3-4B-Instruct-2507,self_conditioned_baseline,228,1.3856449910148
Qwen3-4B-Instruct-2507,self_conditioned_baseline,229,1.3860951515352817
Qwen3-4B-Instruct-2507,self_conditioned_baseline,230,1.3863948122424279
Qwen3-4B-Instruct-2507,self_conditioned_baseline,231,1.3866678014871943
Qwen3-4B-Instruct-2507,self_conditioned_baseline,232,1.3872753680471668
Qwen3-4B-Instruct-2507,self_conditioned_baseline,233,1.3877332764336816
Qwen3-4B-Instruct-2507,self_conditioned_baseline,234,1.3880506132144594
Qwen3-4B-Instruct-2507,self_conditioned_baseline,235,1.3884192645754905
Qwen3-4B-Instruct-2507,self_conditioned_baseline,236,1.3888940803360241
Qwen3-4B-Instruct-2507,self_conditioned_baseline,237,1.389277909848891
Qwen3-4B-Instruct-2507,self_conditioned_baseline,238,1.3896919558686318
Qwen3-4B-Instruct-2507,self_conditioned_baseline,239,1.3900536408155795
Qwen3-4B-Instruct-2507,self_conditioned_baseline,240,1.3903827278938612
Qwen3-4B-Instruct-2507,self_conditioned_baseline,241,1.3905678423175007
Qwen3-4B-Instruct-2507,self_conditioned_baseline,242,1.3908485035413327
Qwen3-4B-Instruct-2507,self_conditioned_baseline,243,1.391318055768759
Qwen3-4B-Instruct-2507,self_conditioned_baseline,244,1.3917159728752324
Qwen3-4B-Instruct-2507,self_conditioned_baseline,245,1.3920232013797487
Qwen3-4B-Instruct-2507,self_conditioned_baseline,246,1.3923745824865723
Qwen3-4B-Instruct-2507,self_conditioned_baseline,247,1.3928332980836158
Qwen3-4B-Instruct-2507,self_conditioned_baseline,248,1.3932953960715633
Qwen3-4B-Instruct-2507,self_conditioned_baseline,249,1.393834393052437
Qwen3-4B-Instruct-2507,self_conditioned_baseline,250,1.394364736741682
Qwen3-4B-Instruct-2507,self_conditioned_baseline,251,1.394728239005242
Qwen3-4B-Instruct-2507,self_conditioned_baseline,252,1.395031844585491
Qwen3-4B-Instruct-2507,self_conditioned_baseline,253,1.395425602491884
Qwen3-4B-Instruct-2507,self_conditioned_baseline,254,1.3958951714002066
Qwen3-4B-Instruct-2507,self_conditioned_baseline,255,1.396329002424614
Qwen3-4B-Instruct-2507,self_conditioned_baseline,256,1.3965392544114008
Qwen3-4B-Instruct-2507,self_conditioned_baseline,257,1.397131858901851
Qwen3-4B-Instruct-2507,self_conditioned_baseline,258,1.3972793405799857
Qwen3-4B-Instruct-2507,self_conditioned_baseline,259,1.3975613027185947
Qwen3-4B-Instruct-2507,self_conditioned_baseline,260,1.3980906831649231
Qwen3-4B-Instruct-2507,self_conditioned_baseline,261,1.3983911794325958
Qwen3-4B-Instruct-2507,self_conditioned_baseline,262,1.3987078473896877
Qwen3-4B-Instruct-2507,self_conditioned_baseline,263,1.399212217997689
Qwen3-4B-Instruct-2507,self_conditioned_baseline,264,1.3996608528880625
Qwen3-4B-Instruct-2507,self_conditioned_baseline,265,1.3999468834627693
Qwen3-4B-Instruct-2507,self_conditioned_baseline,266,1.4002653172756876
Qwen3-4B-Instruct-2507,self_conditioned_baseline,267,1.4004638152833417
Qwen3-4B-Instruct-2507,self_conditioned_baseline,268,1.4007150615103496
Qwen3-4B-Instruct-2507,self_conditioned_baseline,269,1.4008754102310996
Qwen3-4B-Instruct-2507,self_conditioned_baseline,270,1.4010670637356346
Qwen3-4B-Instruct-2507,self_conditioned_baseline,271,1.4014980355860926
Qwen3-4B-Instruct-2507,self_conditioned_baseline,272,1.4019357502583274
Qwen3-4B-Instruct-2507,self_conditioned_baseline,273,1.402112852296935
Qwen3-4B-Instruct-2507,self_conditioned_baseline,274,1.4024158654811976
Qwen3-4B-Instruct-2507,self_conditioned_baseline,275,1.402893114754382
Qwen3-4B-Instruct-2507,self_conditioned_baseline,276,1.4031595231184883
Qwen3-4B-Instruct-2507,self_conditioned_baseline,277,1.4035816631202582
Qwen3-4B-Instruct-2507,self_conditioned_baseline,278,1.4040305319075355
Qwen3-4B-Instruct-2507,self_conditioned_baseline,279,1.4044211286404347
Qwen3-4B-Instruct-2507,self_conditioned_baseline,280,1.4048277451729902
Qwen3-4B-Instruct-2507,self_conditioned_baseline,281,1.4051038010717205
Qwen3-4B-Instruct-2507,self_conditioned_baseline,282,1.4052446437555148
Qwen3-4B-Instruct-2507,self_conditioned_baseline,283,1.405689724155827
Qwen3-4B-Instruct-2507,self_conditioned_baseline,284,1.406159748831388
Qwen3-4B-Instruct-2507,self_conditioned_baseline,285,1.4065976857564673
Qwen3-4B-Instruct-2507,self_conditioned_baseline,286,1.4069182839617134
Qwen3-4B-Instruct-2507,self_conditioned_baseline,287,1.4073016904349334
Qwen3-4B-Instruct-2507,self_conditioned_baseline,288,1.4077484997974206
Qwen3-4B-Instruct-2507,self_conditioned_baseline,289,1.4080816725054608
Qwen3-4B-Instruct-2507,self_conditioned_baseline,290,1.4082471028392491
Qwen3-4B-Instruct-2507,self_conditioned_baseline,291,1.4085317883391557
Qwen3-4B-Instruct-2507,self_conditioned_baseline,292,1.408820391732237
Qwen3-4B-Instruct-2507,self_conditioned_baseline,293,1.4091971766521023
Qwen3-4B-Instruct-2507,self_conditioned_baseline,294,1.409387621105508
Qwen3-4B-Instruct-2507,self_conditioned_baseline,295,1.409661197743236
Qwen3-4B-Instruct-2507,self_conditioned_baseline,296,1.4099492297701781
Qwen3-4B-Instruct-2507,self_conditioned_baseline,297,1.4101842629824675
Qwen3-4B-Instruct-2507,self_conditioned_baseline,298,1.4104868822568344
Qwen3-4B-Instruct-2507,self_conditioned_baseline,299,1.4107787287339228
Qwen3-4B-Instruct-2507,self_conditioned_baseline,300,1.4109483088067922
Qwen3-4B-Instruct-2507,self_conditioned_baseline,301,1.4112499131894554
Qwen3-4B-Instruct-2507,self_conditioned_baseline,302,1.4114588944174529
Qwen3-4B-Instruct-2507,self_conditioned_baseline,303,1.4115588238832755
Qwen3-4B-Instruct-2507,self_conditioned_baseline,304,1.4117814194585443
Qwen3-4B-Instruct-2507,self_conditioned_baseline,305,1.4120144168746784
Qwen3-4B-Instruct-2507,self_conditioned_baseline,306,1.4123041589649887
Qwen3-4B-Instruct-2507,self_conditioned_baseline,307,1.4126040944479825
Qwen3-4B-Instruct-2507,self_conditioned_baseline,308,1.4128495059049297
Qwen3-4B-Instruct-2507,self_conditioned_baseline,309,1.4132783960812054
Qwen3-4B-Instruct-2507,self_conditioned_baseline,310,1.4137317397849276
Qwen3-4B-Instruct-2507,self_conditioned_baseline,311,1.4139990440792243
Qwen3-4B-Instruct-2507,self_conditioned_baseline,312,1.4142336753341622
Qwen3-4B-Instruct-2507,self_conditioned_baseline,313,1.4145410370505807
Qwen3-4B-Instruct-2507,self_conditioned_baseline,314,1.4149309531725864
Qwen3-4B-Instruct-2507,self_conditioned_baseline,315,1.4153446604967825
Qwen3-4B-Instruct-2507,self_conditioned_baseline,316,1.4158556099509292
Qwen3-4B-Instruct-2507,self_conditioned_baseline,317,1.416254172937177
Qwen3-4B-Instruct-2507,self_conditioned_baseline,318,1.4165434959589824
Qwen3-4B-Instruct-2507,self_conditioned_baseline,319,1.416757707685334
Qwen3-4B-Instruct-2507,self_conditioned_baseline,320,1.4171106245858573
Qwen3-4B-Instruct-2507,self_conditioned_baseline,321,1.4174332635812184
Qwen3-4B-Instruct-2507,self_conditioned_baseline,322,1.4191479547516468
Qwen3-4B-Instruct-2507,self_conditioned_baseline,323,1.41951634398803
Qwen3-4B-Instruct-2507,self_conditioned_baseline,324,1.4199289229551735
Qwen3-4B-Instruct-2507,self_conditioned_baseline,325,1.4204829600243465
Qwen3-4B-Instruct-2507,self_conditioned_baseline,326,1.4208298755805326
Qwen3-4B-Instruct-2507,self_conditioned_baseline,327,1.4211027312150262
Qwen3-4B-Instruct-2507,self_conditioned_baseline,328,1.4215427325341268
Qwen3-4B-Instruct-2507,self_conditioned_baseline,329,1.4219388905239239
Qwen3-4B-Instruct-2507,self_conditioned_baseline,330,1.4223439703683607
Qwen3-4B-Instruct-2507,self_conditioned_baseline,331,1.4226328025349462
Qwen3-4B-Instruct-2507,self_conditioned_baseline,332,1.422998995429989
Qwen3-4B-Instruct-2507,self_conditioned_baseline,333,1.4232456288546873
Qwen3-4B-Instruct-2507,self_conditioned_baseline,334,1.4236118607842028
Qwen3-4B-Instruct-2507,self_conditioned_baseline,335,1.4240248859341451
Qwen3-4B-Instruct-2507,self_conditioned_baseline,336,1.4242696889044844
Qwen3-4B-Instruct-2507,self_conditioned_baseline,337,1.42463652429087
Qwen3-4B-Instruct-2507,self_conditioned_baseline,338,1.4247768747506564
Qwen3-4B-Instruct-2507,self_conditioned_baseline,339,1.4250277817291142
Qwen3-4B-Instruct-2507,self_conditioned_baseline,340,1.4254240607922173
Qwen3-4B-Instruct-2507,self_conditioned_baseline,341,1.4258675308746742
Qwen3-4B-Instruct-2507,self_conditioned_baseline,342,1.426175802471605
Qwen3-4B-Instruct-2507,self_conditioned_baseline,343,1.426424090760072
Qwen3-4B-Instruct-2507,self_conditioned_baseline,344,1.426618488697995
Qwen3-4B-Instruct-2507,self_conditioned_baseline,345,1.4267864452601828
Qwen3-4B-Instruct-2507,self_conditioned_baseline,346,1.426983986878811
Qwen3-4B-Instruct-2507,self_conditioned_baseline,347,1.4270435298505273
Qwen3-4B-Instruct-2507,self_conditioned_baseline,348,1.4273455969557682
Qwen3-4B-Instruct-2507,self_conditioned_baseline,349,1.4275869242638348
Qwen3-4B-Instruct-2507,self_conditioned_baseline,350,1.427737926178681
Qwen3-4B-Instruct-2507,self_conditioned_baseline,351,1.4280072780838726
Qwen3-4B-Instruct-2507,self_conditioned_baseline,352,1.4282075189232861
Qwen3-4B-Instruct-2507,self_conditioned_baseline,353,1.4285302426097952
Qwen3-4B-Instruct-2507,self_conditioned_baseline,354,1.4287298339241277
Qwen3-4B-Instruct-2507,self_conditioned_baseline,355,1.428769773648816
Qwen3-4B-Instruct-2507,self_conditioned_baseline,356,1.4288353392004578
Qwen3-4B-Instruct-2507,self_conditioned_baseline,357,1.4290556423576788
Qwen3-4B-Instruct-2507,self_conditioned_baseline,358,1.429333704148653
Qwen3-4B-Instruct-2507,self_conditioned_baseline,359,1.4295635557584008
Qwen3-4B-Instruct-2507,self_conditioned_baseline,360,1.429830217736543
Qwen3-4B-Instruct-2507,self_conditioned_baseline,361,1.4304703426210832
Qwen3-4B-Instruct-2507,self_conditioned_baseline,362,1.430647013765397
Qwen3-4B-Instruct-2507,self_conditioned_baseline,363,1.4309033505237847
Qwen3-4B-Instruct-2507,self_conditioned_baseline,364,1.4310764596471819
Qwen3-4B-Instruct-2507,self_conditioned_baseline,365,1.4313283353338713
Qwen3-4B-Instruct-2507,self_conditioned_baseline,366,1.4316032729730033
Qwen3-4B-Instruct-2507,self_conditioned_baseline,367,1.431900016154166
Qwen3-4B-Instruct-2507,self_conditioned_baseline,368,1.4320687423742235
Qwen3-4B-Instruct-2507,self_conditioned_baseline,369,1.4322380687878418
Qwen3-4B-Instruct-2507,self_conditioned_baseline,370,1.4325970755124553
Qwen3-4B-Instruct-2507,self_conditioned_baseline,371,1.4327410032577885
Qwen3-4B-Instruct-2507,self_conditioned_baseline,372,1.432950121335525
Qwen3-4B-Instruct-2507,self_conditioned_baseline,373,1.4332563982522049
Qwen3-4B-Instruct-2507,self_conditioned_baseline,374,1.4334528369623185
Qwen3-4B-Instruct-2507,self_conditioned_baseline,375,1.433668364743303
Qwen3-4B-Instruct-2507,self_conditioned_baseline,376,1.4339573622993202
Qwen3-4B-Instruct-2507,self_conditioned_baseline,377,1.4341754893372745
Qwen3-4B-Instruct-2507,self_conditioned_baseline,378,1.434432244034745
Qwen3-4B-Instruct-2507,self_conditioned_baseline,379,1.4347003993702276
Qwen3-4B-Instruct-2507,self_conditioned_baseline,380,1.4350436626806287
Qwen3-4B-Instruct-2507,self_conditioned_baseline,381,1.4351595770461145
Qwen3-4B-Instruct-2507,self_conditioned_baseline,382,1.4353330179477812
Qwen3-4B-Instruct-2507,self_conditioned_baseline,383,1.435663115491972
Qwen3-4B-Instruct-2507,self_conditioned_baseline,384,1.4359332879872944
Qwen3-4B-Instruct-2507,self_conditioned_baseline,385,1.436056572423
Qwen3-4B-Instruct-2507,self_conditioned_baseline,386,1.4362696405431585
Qwen3-4B-Instruct-2507,self_conditioned_baseline,387,1.436273470265792
Qwen3-4B-Instruct-2507,self_conditioned_baseline,388,1.4364184518395173
Qwen3-4B-Instruct-2507,self_conditioned_baseline,389,1.4366744561520246
Qwen3-4B-Instruct-2507,self_conditioned_baseline,390,1.436699405875455
Qwen3-4B-Instruct-2507,self_conditioned_baseline,391,1.4366904127349664
Qwen3-4B-Instruct-2507,self_conditioned_baseline,392,1.4374295935214323
Qwen3-4B-Instruct-2507,self_conditioned_baseline,393,1.437799001545586
Qwen3-4B-Instruct-2507,self_conditioned_baseline,394,1.4379750497601946
Qwen3-4B-Instruct-2507,self_conditioned_baseline,395,1.4381849902897361
Qwen3-4B-Instruct-2507,self_conditioned_baseline,396,1.4382241056923983
Qwen3-4B-Instruct-2507,self_conditioned_baseline,397,1.4382548323178201
Qwen3-4B-Instruct-2507,self_conditioned_baseline,398,1.438329778931058
Qwen3-4B-Instruct-2507,self_conditioned_baseline,399,1.4384938791684063
Qwen3-4B-Instruct-2507,self_conditioned_baseline,400,1.438576555255952
Qwen3-4B-Instruct-2507,self_conditioned_baseline,401,1.4387332178136372
Qwen3-4B-Instruct-2507,self_conditioned_baseline,402,1.4390016921050837
Qwen3-4B-Instruct-2507,self_conditioned_baseline,403,1.439803667754224
Qwen3-4B-Instruct-2507,self_conditioned_baseline,404,1.4398390856687329
Qwen3-4B-Instruct-2507,self_conditioned_baseline,405,1.4398992626486513
Qwen3-4B-Instruct-2507,self_conditioned_baseline,406,1.4399777696752505
Qwen3-4B-Instruct-2507,self_conditioned_baseline,407,1.4401819888813947
Qwen3-4B-Instruct-2507,self_conditioned_baseline,408,1.4402415027054425
Qwen3-4B-Instruct-2507,self_conditioned_baseline,409,1.440371420370278
Qwen3-4B-Instruct-2507,self_conditioned_baseline,410,1.4405075504175366
Qwen3-4B-Instruct-2507,self_conditioned_baseline,411,1.4404992970450272
Qwen3-4B-Instruct-2507,self_conditioned_baseline,412,1.4406674330465188
Qwen3-4B-Instruct-2507,self_conditioned_baseline,413,1.4408525773218879
Qwen3-4B-Instruct-2507,self_conditioned_baseline,414,1.4409666399744903
Qwen3-4B-Instruct-2507,self_conditioned_baseline,415,1.4412320163954415
Qwen3-4B-Instruct-2507,self_conditioned_baseline,416,1.441370706687441
Qwen3-4B-Instruct-2507,self_conditioned_baseline,417,1.4413880679448028
Qwen3-4B-Instruct-2507,self_conditioned_baseline,418,1.441687610673379
Qwen3-4B-Instruct-2507,self_conditioned_baseline,419,1.4418831887958647
Qwen3-4B-Instruct-2507,self_conditioned_baseline,420,1.442327312708934
Qwen3-4B-Instruct-2507,self_conditioned_baseline,421,1.4424030546103213
Qwen3-4B-Instruct-2507,self_conditioned_baseline,422,1.442561911591751
Qwen3-4B-Instruct-2507,self_conditioned_baseline,423,1.4427351337891912
Qwen3-4B-Instruct-2507,self_conditioned_baseline,424,1.4429626860513323
Qwen3-4B-Instruct-2507,self_conditioned_baseline,425,1.4431548642500094
Qwen3-4B-Instruct-2507,self_conditioned_baseline,426,1.4433969037517422
Qwen3-4B-Instruct-2507,self_conditioned_baseline,427,1.4435286551488928
Qwen3-4B-Instruct-2507,self_conditioned_baseline,428,1.443706201488223
Qwen3-4B-Instruct-2507,self_conditioned_baseline,429,1.4439056864689583
Qwen3-4B-Instruct-2507,self_conditioned_baseline,430,1.444151637158042
Qwen3-4B-Instruct-2507,self_conditioned_baseline,431,1.4443565364351958
Qwen3-4B-Instruct-2507,self_conditioned_baseline,432,1.444510826804438
Qwen3-4B-Instruct-2507,self_conditioned_baseline,433,1.4446962258958729
Qwen3-4B-Instruct-2507,self_conditioned_baseline,434,1.4448427626257827
Qwen3-4B-Instruct-2507,self_conditioned_baseline,435,1.4450043913498778
Qwen3-4B-Instruct-2507,self_conditioned_baseline,436,1.4450011200703092
Qwen3-4B-Instruct-2507,self_conditioned_baseline,437,1.445234443774836
Qwen3-4B-Instruct-2507,self_conditioned_baseline,438,1.4452850256667664
Qwen3-4B-Instruct-2507,self_conditioned_baseline,439,1.4454604463830274
Qwen3-4B-Instruct-2507,self_conditioned_baseline,440,1.4456325424303713
Qwen3-4B-Instruct-2507,self_conditioned_baseline,441,1.4457307100463435
Qwen3-4B-Instruct-2507,self_conditioned_baseline,442,1.4458575395440698
Qwen3-4B-Instruct-2507,self_conditioned_baseline,443,1.446000350652057
Qwen3-4B-Instruct-2507,self_conditioned_baseline,444,1.4461917724411113
Qwen3-4B-Instruct-2507,self_conditioned_baseline,445,1.4462133995424895
Qwen3-4B-Instruct-2507,self_conditioned_baseline,446,1.4462404535815647
Qwen3-4B-Instruct-2507,self_conditioned_baseline,447,1.4464144951188465
Qwen3-4B-Instruct-2507,self_conditioned_baseline,448,1.4464829576397593
Qwen3-4B-Instruct-2507,self_conditioned_baseline,449,1.4466459700427303
Qwen3-4B-Instruct-2507,self_conditioned_baseline,450,1.4467736090581946
Qwen3-4B-Instruct-2507,self_conditioned_baseline,451,1.4469352089399725
Qwen3-4B-Instruct-2507,self_conditioned_baseline,452,1.4470457124023905
Qwen3-4B-Instruct-2507,self_conditioned_baseline,453,1.4470129122507818
Qwen3-4B-Instruct-2507,self_conditioned_baseline,454,1.4470212739480515
Qwen3-4B-Instruct-2507,self_conditioned_baseline,455,1.4454795307744588
Qwen3-4B-Instruct-2507,self_conditioned_baseline,456,1.4455955376046525
Qwen3-4B-Instruct-2507,self_conditioned_baseline,457,1.4457769150369753
Qwen3-4B-Instruct-2507,self_conditioned_baseline,458,1.4458910117885466
Qwen3-4B-Instruct-2507,self_conditioned_baseline,459,1.4459105642894021
Qwen3-4B-Instruct-2507,self_conditioned_baseline,460,1.445944220904167
Qwen3-4B-Instruct-2507,self_conditioned_baseline,461,1.445984020414219
Qwen3-4B-Instruct-2507,self_conditioned_baseline,462,1.4459677129190667
Qwen3-4B-Instruct-2507,self_conditioned_baseline,463,1.446093341208014
Qwen3-4B-Instruct-2507,self_conditioned_baseline,464,1.4460989599258605
Qwen3-4B-Instruct-2507,self_conditioned_baseline,465,1.4447193818853061
Qwen3-4B-Instruct-2507,self_conditioned_baseline,466,1.4446969849695657
Qwen3-4B-Instruct-2507,self_conditioned_baseline,467,1.4447106081249648
Qwen3-4B-Instruct-2507,self_conditioned_baseline,468,1.4446997262193404
Qwen3-4B-Instruct-2507,self_conditioned_baseline,469,1.4447664085842173
Qwen3-4B-Instruct-2507,self_conditioned_baseline,470,1.4448506639553667
Qwen3-4B-Instruct-2507,self_conditioned_baseline,471,1.4450441384729376
Qwen3-4B-Instruct-2507,self_conditioned_baseline,472,1.4452079603132042
Qwen3-4B-Instruct-2507,self_conditioned_baseline,473,1.4454241880543288
Qwen3-4B-Instruct-2507,self_conditioned_baseline,474,1.4454237543478143
Qwen3-4B-Instruct-2507,self_conditioned_baseline,475,1.4456189882996684
Qwen3-4B-Instruct-2507,self_conditioned_baseline,476,1.445701143847455
Qwen3-4B-Instruct-2507,self_conditioned_baseline,477,1.4459225001586147
Qwen3-4B-Instruct-2507,self_conditioned_baseline,478,1.4458250778953954
Qwen3-4B-Instruct-2507,self_conditioned_baseline,479,1.4459821975128755
Qwen3-4B-Instruct-2507,self_conditioned_baseline,480,1.4461445133770143
Qwen3-4B-Instruct-2507,self_conditioned_baseline,481,1.4462911368434719
Qwen3-4B-Instruct-2507,self_conditioned_baseline,482,1.4464544616342474
Qwen3-4B-Instruct-2507,self_conditioned_baseline,483,1.4465089175787569
Qwen3-4B-Instruct-2507,self_conditioned_baseline,484,1.4465582336308687
Qwen3-4B-Instruct-2507,self_conditioned_baseline,485,1.4466467416855888
Qwen3-4B-Instruct-2507,self_conditioned_baseline,486,1.4467438543838729
Qwen3-4B-Instruct-2507,self_conditioned_baseline,487,1.4467965480921736
Qwen3-4B-Instruct-2507,self_conditioned_baseline,488,1.4468760425905602
Qwen3-4B-Instruct-2507,self_conditioned_baseline,489,1.4470337219522036
Qwen3-4B-Instruct-2507,self_conditioned_baseline,490,1.4470181128222568
Qwen3-4B-Instruct-2507,self_conditioned_baseline,491,1.4470529392215257
Qwen3-4B-Instruct-2507,self_conditioned_baseline,492,1.4471679041015522
Qwen3-4B-Instruct-2507,self_conditioned_baseline,493,1.4471517017622877
Qwen3-4B-Instruct-2507,self_conditioned_baseline,494,1.4473082798276067
Qwen3-4B-Instruct-2507,self_conditioned_baseline,495,1.447401109516578
Qwen3-4B-Instruct-2507,self_conditioned_baseline,496,1.4475270971143175
Qwen3-4B-Instruct-2507,self_conditioned_baseline,497,1.4475806238013242
Qwen3-4B-Instruct-2507,self_conditioned_baseline,498,1.4476350318071733
Qwen3-4B-Instruct-2507,self_conditioned_baseline,499,1.447646181048171
Qwen3-4B-Instruct-2507,self_conditioned_baseline,500,1.4475856673830831
Qwen3-4B-Instruct-2507,self_conditioned_baseline,501,1.4476992897381267
Qwen3-4B-Instruct-2507,self_conditioned_baseline,502,1.447777647397743
Qwen3-4B-Instruct-2507,self_conditioned_baseline,503,1.4477941110874197
Qwen3-4B-Instruct-2507,self_conditioned_baseline,504,1.4478775771024979
Qwen3-4B-Instruct-2507,self_conditioned_baseline,505,1.4480668686441542
Qwen3-4B-Instruct-2507,self_conditioned_baseline,506,1.448089702945747
Qwen3-4B-Instruct-2507,self_conditioned_baseline,507,1.4480512071065268
Qwen3-4B-Instruct-2507,self_conditioned_baseline,508,1.4480603358940543
Qwen3-4B-Instruct-2507,self_conditioned_baseline,509,1.448009694555115
Qwen3-4B-Instruct-2507,self_conditioned_baseline,510,1.446872647921379
Qwen3-4B-Instruct-2507,self_conditioned_baseline,511,1.4469536496032969
Qwen3-4B-Instruct-2507,self_conditioned_baseline,512,1.4469138693217094
Qwen3-4B-Instruct-2507,self_conditioned_baseline,513,1.4469085978270704
Qwen3-4B-Instruct-2507,self_conditioned_baseline,514,1.4469926149402197
Qwen3-4B-Instruct-2507,self_conditioned_baseline,515,1.447082914953618
Qwen3-4B-Instruct-2507,self_conditioned_baseline,516,1.4470793580964834
Qwen3-4B-Instruct-2507,self_conditioned_baseline,517,1.447146233318851
Qwen3-4B-Instruct-2507,self_conditioned_baseline,518,1.4471303338571955
Qwen3-4B-Instruct-2507,self_conditioned_baseline,519,1.4471766709881402
Qwen3-4B-Instruct-2507,self_conditioned_baseline,520,1.4471476471648599
Qwen3-4B-Instruct-2507,self_conditioned_baseline,521,1.4471183804419143
Qwen3-4B-Instruct-2507,self_conditioned_baseline,522,1.4470263547351931
Qwen3-4B-Instruct-2507,self_conditioned_baseline,523,1.4470431584269698
Qwen3-4B-Instruct-2507,self_conditioned_baseline,524,1.4465197116088222
Qwen3-4B-Instruct-2507,self_conditioned_baseline,525,1.4466109315114777
Qwen3-4B-Instruct-2507,self_conditioned_baseline,526,1.446598435158231
Qwen3-4B-Instruct-2507,self_conditioned_baseline,527,1.4465392459732944
Qwen3-4B-Instruct-2507,self_conditioned_baseline,528,1.446583312697248
Qwen3-4B-Instruct-2507,self_conditioned_baseline,529,1.4467078654448091
Qwen3-4B-Instruct-2507,self_conditioned_baseline,530,1.446726168559579
Qwen3-4B-Instruct-2507,self_conditioned_baseline,531,1.4466906336457686
Qwen3-4B-Instruct-2507,self_conditioned_baseline,532,1.4466690845097139
Qwen3-4B-Instruct-2507,self_conditioned_baseline,533,1.446796496973045
Qwen3-4B-Instruct-2507,self_conditioned_baseline,534,1.4467396097844927
Qwen3-4B-Instruct-2507,self_conditioned_baseline,535,1.4467885680174595
Qwen3-4B-Instruct-2507,self_conditioned_baseline,536,1.4467858657590336
Qwen3-4B-Instruct-2507,self_conditioned_baseline,537,1.446875073412551
Qwen3-4B-Instruct-2507,self_conditioned_baseline,538,1.4468923796608752
Qwen3-4B-Instruct-2507,self_conditioned_baseline,539,1.4469444081888607
Qwen3-4B-Instruct-2507,self_conditioned_baseline,540,1.4468560272398507
Qwen3-4B-Instruct-2507,self_conditioned_baseline,541,1.446803809891288
Qwen3-4B-Instruct-2507,self_conditioned_baseline,542,1.44695950514205
Qwen3-4B-Instruct-2507,self_conditioned_baseline,543,1.44700837477736
Qwen3-4B-Instruct-2507,self_conditioned_baseline,544,1.446971715920883
Qwen3-4B-Instruct-2507,self_conditioned_baseline,545,1.4469425963184253
Qwen3-4B-Instruct-2507,self_conditioned_baseline,546,1.446852127383868
Qwen3-4B-Instruct-2507,self_conditioned_baseline,547,1.4467801624092136
Qwen3-4B-Instruct-2507,self_conditioned_baseline,548,1.4468320217986845
Qwen3-4B-Instruct-2507,self_conditioned_baseline,549,1.4467717874598536
Qwen3-4B-Instruct-2507,self_conditioned_baseline,550,1.4466547236441112
Qwen3-4B-Instruct-2507,self_conditioned_baseline,551,1.446672059666314
Qwen3-4B-Instruct-2507,self_conditioned_baseline,552,1.4467172280749774
Qwen3-4B-Instruct-2507,self_conditioned_baseline,553,1.4467284591847587
Qwen3-4B-Instruct-2507,self_conditioned_baseline,554,1.446771210167219
Qwen3-4B-Instruct-2507,self_conditioned_baseline,555,1.44663061416046
Qwen3-4B-Instruct-2507,self_conditioned_baseline,556,1.4466897423793232
Qwen3-4B-Instruct-2507,self_conditioned_baseline,557,1.446844789909819
Qwen3-4B-Instruct-2507,self_conditioned_baseline,558,1.4467962955989677
Qwen3-4B-Instruct-2507,self_conditioned_baseline,559,1.4466836511299632
Qwen3-4B-Instruct-2507,self_conditioned_baseline,560,1.4465794873390845
Qwen3-4B-Instruct-2507,self_conditioned_baseline,561,1.446694211450583
Qwen3-4B-Instruct-2507,self_conditioned_baseline,562,1.4467742208198848
Qwen3-4B-Instruct-2507,self_conditioned_baseline,563,1.4468290014701706
Qwen3-4B-Instruct-2507,self_conditioned_baseline,564,1.4468251385497521
Qwen3-4B-Instruct-2507,self_conditioned_baseline,565,1.446827204585269
Qwen3-4B-Instruct-2507,self_conditioned_baseline,566,1.446894624512583
Qwen3-4B-Instruct-2507,self_conditioned_baseline,567,1.4469299410093346
Qwen3-4B-Instruct-2507,self_conditioned_baseline,568,1.4470186542227181
Qwen3-4B-Instruct-2507,self_conditioned_baseline,569,1.4469628516518644
Qwen3-4B-Instruct-2507,self_conditioned_baseline,570,1.4470660843027656
Qwen3-4B-Instruct-2507,self_conditioned_baseline,571,1.4471330132131341
Qwen3-4B-Instruct-2507,self_conditioned_baseline,572,1.447086003048353
Qwen3-4B-Instruct-2507,self_conditioned_baseline,573,1.4471086887555311
Qwen3-4B-Instruct-2507,self_conditioned_baseline,574,1.4471363592617066
Qwen3-4B-Instruct-2507,self_conditioned_baseline,575,1.447243519655332
Qwen3-4B-Instruct-2507,self_conditioned_baseline,576,1.4472376310286008
Qwen3-4B-Instruct-2507,self_conditioned_baseline,577,1.447190318838628
Qwen3-4B-Instruct-2507,self_conditioned_baseline,578,1.4472298937936598
Qwen3-4B-Instruct-2507,self_conditioned_baseline,579,1.4471627953428055
Qwen3-4B-Instruct-2507,self_conditioned_baseline,580,1.4471511819940825
Qwen3-4B-Instruct-2507,self_conditioned_baseline,581,1.4471478930110986
Qwen3-4B-Instruct-2507,self_conditioned_baseline,582,1.4471517018292746
Qwen3-4B-Instruct-2507,self_conditioned_baseline,583,1.4471121224285566
Qwen3-4B-Instruct-2507,self_conditioned_baseline,584,1.4470262909778049
Qwen3-4B-Instruct-2507,self_conditioned_baseline,585,1.447042935710096
Qwen3-4B-Instruct-2507,self_conditioned_baseline,586,1.44697685488012
Qwen3-4B-Instruct-2507,self_conditioned_baseline,587,1.4470108909069228
Qwen3-4B-Instruct-2507,self_conditioned_baseline,588,1.4469988790037098
Qwen3-4B-Instruct-2507,self_conditioned_baseline,589,1.4470869689138912
Qwen3-4B-Instruct-2507,self_conditioned_baseline,590,1.4470799016203324
Qwen3-4B-Instruct-2507,self_conditioned_baseline,591,1.4470976656926753
Qwen3-4B-Instruct-2507,self_conditioned_baseline,592,1.447065773840033
Qwen3-4B-Instruct-2507,self_conditioned_baseline,593,1.4470067066997159
Qwen3-4B-Instruct-2507,self_conditioned_baseline,594,1.4470467298562635
Qwen3-4B-Instruct-2507,self_conditioned_baseline,595,1.4470890823675393
Qwen3-4B-Instruct-2507,self_conditioned_baseline,596,1.4470105121680543
Qwen3-4B-Instruct-2507,self_conditioned_baseline,597,1.446869167348338
Qwen3-4B-Instruct-2507,self_conditioned_baseline,598,1.4468531402790121
Qwen3-4B-Instruct-2507,self_conditioned_baseline,599,1.4468154696427311
Qwen3-4B-Instruct-2507,self_conditioned_baseline,600,1.4468183387876035
Qwen3-4B-Instruct-2507,self_conditioned_baseline,601,1.4467317053915945
Qwen3-4B-Instruct-2507,self_conditioned_baseline,602,1.4466726851554341
Qwen3-4B-Instruct-2507,self_conditioned_baseline,603,1.4466770778477487
Qwen3-4B-Instruct-2507,self_conditioned_baseline,604,1.4466643470300649
Qwen3-4B-Instruct-2507,self_conditioned_baseline,605,1.4465914916999572
Qwen3-4B-Instruct-2507,self_conditioned_baseline,606,1.4465199063163572
Qwen3-4B-Instruct-2507,self_conditioned_baseline,607,1.4465374008960934
Qwen3-4B-Instruct-2507,self_conditioned_baseline,608,1.4465389572487817
Qwen3-4B-Instruct-2507,self_conditioned_baseline,609,1.4464605098108505
Qwen3-4B-Instruct-2507,self_conditioned_baseline,610,1.4463712385600653
Qwen3-4B-Instruct-2507,self_conditioned_baseline,611,1.446438717054514
Qwen3-4B-Instruct-2507,self_conditioned_baseline,612,1.446468441539459
Qwen3-4B-Instruct-2507,self_conditioned_baseline,613,1.4464520523012179
Qwen3-4B-Instruct-2507,self_conditioned_baseline,614,1.4464584623891243
Qwen3-4B-Instruct-2507,self_conditioned_baseline,615,1.443565858659714
Qwen3-4B-Instruct-2507,self_conditioned_baseline,616,1.4435294142189774
Qwen3-4B-Instruct-2507,self_conditioned_baseline,617,1.4434897460340563
Qwen3-4B-Instruct-2507,self_conditioned_baseline,618,1.443564632721278
Qwen3-4B-Instruct-2507,self_conditioned_baseline,619,1.4436936744489723
Qwen3-4B-Instruct-2507,self_conditioned_baseline,620,1.4437404327379537
Qwen3-4B-Instruct-2507,self_conditioned_baseline,621,1.4437074576170288
Qwen3-4B-Instruct-2507,self_conditioned_baseline,622,1.44361709988821
Qwen3-4B-Instruct-2507,self_conditioned_baseline,623,1.443669033427039
Qwen3-4B-Instruct-2507,self_conditioned_baseline,624,1.4437121117888947
Qwen3-4B-Instruct-2507,self_conditioned_baseline,625,1.4437798906635269
Qwen3-4B-Instruct-2507,self_conditioned_baseline,626,1.4437743100450384
Qwen3-4B-Instruct-2507,self_conditioned_baseline,627,1.4437370140363384
Qwen3-4B-Instruct-2507,self_conditioned_baseline,628,1.4437814546707775
Qwen3-4B-Instruct-2507,self_conditioned_baseline,629,1.4436692765301815
Qwen3-4B-Instruct-2507,self_conditioned_baseline,630,1.443521646948359
Qwen3-4B-Instruct-2507,self_conditioned_baseline,631,1.443402474436889
Qwen3-4B-Instruct-2507,self_conditioned_baseline,632,1.4434862705363973
Qwen3-4B-Instruct-2507,self_conditioned_baseline,633,1.443556994705528
Qwen3-4B-Instruct-2507,self_conditioned_baseline,634,1.4432137566748247
Qwen3-4B-Instruct-2507,self_conditioned_baseline,635,1.4432009740364686
Qwen3-4B-Instruct-2507,self_conditioned_baseline,636,1.4433639738687676
Qwen3-4B-Instruct-2507,self_conditioned_baseline,637,1.4435028883223375
Qwen3-4B-Instruct-2507,self_conditioned_baseline,638,1.4435020250314476
Qwen3-4B-Instruct-2507,self_conditioned_baseline,639,1.4435874787603995
Qwen3-4B-Instruct-2507,self_conditioned_baseline,640,1.443681422186082
Qwen3-4B-Instruct-2507,self_conditioned_baseline,641,1.4437063647664092
Qwen3-4B-Instruct-2507,self_conditioned_baseline,642,1.4437792317149925
Qwen3-4B-Instruct-2507,self_conditioned_baseline,643,1.4463051235145004
Qwen3-4B-Instruct-2507,self_conditioned_baseline,644,1.446309843023629
Qwen3-4B-Instruct-2507,self_conditioned_baseline,645,1.4462776989624644
Qwen3-4B-Instruct-2507,self_conditioned_baseline,646,1.4463449533711303
Qwen3-4B-Instruct-2507,self_conditioned_baseline,647,1.446538225909821
Qwen3-4B-Instruct-2507,self_conditioned_baseline,648,1.446471649644713
Qwen3-4B-Instruct-2507,self_conditioned_baseline,649,1.4464869032590455
Qwen3-4B-Instruct-2507,self_conditioned_baseline,650,1.4464348808081882
Qwen3-4B-Instruct-2507,self_conditioned_baseline,651,1.4463667623404366
Qwen3-4B-Instruct-2507,self_conditioned_baseline,652,1.446444831414573
Qwen3-4B-Instruct-2507,self_conditioned_baseline,653,1.446501084668433
Qwen3-4B-Instruct-2507,self_conditioned_baseline,654,1.4452103083458951
Qwen3-4B-Instruct-2507,self_conditioned_baseline,655,1.4452500835663664
Qwen3-4B-Instruct-2507,self_conditioned_baseline,656,1.445265773935494
Qwen3-4B-Instruct-2507,self_conditioned_baseline,657,1.4452340300603463
Qwen3-4B-Instruct-2507,self_conditioned_baseline,658,1.4453163677904477
Qwen3-4B-Instruct-2507,self_conditioned_baseline,659,1.445347459250793
Qwen3-4B-Instruct-2507,self_conditioned_baseline,660,1.444016988402155
Qwen3-4B-Instruct-2507,self_conditioned_baseline,661,1.4441248309325738
Qwen3-4B-Instruct-2507,self_conditioned_baseline,662,1.4442105868512534
Qwen3-4B-Instruct-2507,self_conditioned_baseline,663,1.4442483065698004
Qwen3-4B-Instruct-2507,self_conditioned_baseline,664,1.4442316606857375
Qwen3-4B-Instruct-2507,self_conditioned_baseline,665,1.444150434490495
Qwen3-4B-Instruct-2507,self_conditioned_baseline,666,1.444020666455427
Qwen3-4B-Instruct-2507,self_conditioned_baseline,667,1.4440529871571517
Qwen3-4B-Instruct-2507,self_conditioned_baseline,668,1.44407909182528
Qwen3-4B-Instruct-2507,self_conditioned_baseline,669,1.4441300145219653
Qwen3-4B-Instruct-2507,self_conditioned_baseline,670,1.4442464681505562
Qwen3-4B-Instruct-2507,self_conditioned_baseline,671,1.4443338779631865
Qwen3-4B-Instruct-2507,self_conditioned_baseline,672,1.4395621362868274
Qwen3-4B-Instruct-2507,self_conditioned_baseline,673,1.4397784561303284
Qwen3-4B-Instruct-2507,self_conditioned_baseline,674,1.4396686678553823
Qwen3-4B-Instruct-2507,self_conditioned_baseline,675,1.4395155686559522
Qwen3-4B-Instruct-2507,self_conditioned_baseline,676,1.4394312329326595
Qwen3-4B-Instruct-2507,self_conditioned_baseline,677,1.4394660425103096
Qwen3-4B-Instruct-2507,self_conditioned_baseline,678,1.439702843333013
Qwen3-4B-Instruct-2507,self_conditioned_baseline,679,1.4396243047022463
Qwen3-4B-Instruct-2507,self_conditioned_baseline,680,1.4395441660325503
Qwen3-4B-Instruct-2507,self_conditioned_baseline,681,1.439569434877022
Qwen3-4B-Instruct-2507,self_conditioned_baseline,682,1.4396477204167537
Qwen3-4B-Instruct-2507,self_conditioned_baseline,683,1.4396633978759688
Qwen3-4B-Instruct-2507,self_conditioned_baseline,684,1.4395902644292797
Qwen3-4B-Instruct-2507,self_conditioned_baseline,685,1.4397170507055679
Qwen3-4B-Instruct-2507,self_conditioned_baseline,686,1.439763340337763
Qwen3-4B-Instruct-2507,self_conditioned_baseline,687,1.4396498545557666
Qwen3-4B-Instruct-2507,self_conditioned_baseline,688,1.4396728557718854
Qwen3-4B-Instruct-2507,self_conditioned_baseline,689,1.4397920418023993
Qwen3-4B-Instruct-2507,self_conditioned_baseline,690,1.439808823953519
Qwen3-4B-Instruct-2507,self_conditioned_baseline,691,1.4397446884302103
Qwen3-4B-Instruct-2507,self_conditioned_baseline,692,1.4397340439056243
Qwen3-4B-Instruct-2507,self_conditioned_baseline,693,1.4335715184335334
Qwen3-4B-Instruct-2507,self_conditioned_baseline,694,1.4336760959101733
Qwen3-4B-Instruct-2507,self_conditioned_baseline,695,1.4336737013127356
Qwen3-4B-Instruct-2507,self_conditioned_baseline,696,1.4270754757202435
Qwen3-4B-Instruct-2507,self_conditioned_baseline,697,1.427030547874798
Qwen3-4B-Instruct-2507,self_conditioned_baseline,698,1.4269793288480934
Qwen3-4B-Instruct-2507,self_conditioned_baseline,699,1.4270060377041263
Qwen3-4B-Instruct-2507,self_conditioned_baseline,700,1.426977353067597
Qwen3-4B-Instruct-2507,self_conditioned_baseline,701,1.42704411208864
Qwen3-4B-Instruct-2507,self_conditioned_baseline,702,1.427140946370835
Qwen3-4B-Instruct-2507,self_conditioned_baseline,703,1.4273567940760432
Qwen3-4B-Instruct-2507,self_conditioned_baseline,704,1.4273395614091915
Qwen3-4B-Instruct-2507,self_conditioned_baseline,705,1.4273590773423188
Qwen3-4B-Instruct-2507,self_conditioned_baseline,706,1.4274732107345987
Qwen3-4B-Instruct-2507,self_conditioned_baseline,707,1.427403048554159
Qwen3-4B-Instruct-2507,self_conditioned_baseline,708,1.4273291667039252
Qwen3-4B-Instruct-2507,self_conditioned_baseline,709,1.4272106304408498
Qwen3-4B-Instruct-2507,self_conditioned_baseline,710,1.4272009511069772
Qwen3-4B-Instruct-2507,self_conditioned_baseline,711,1.4272720250611612
Qwen3-4B-Instruct-2507,self_conditioned_baseline,712,1.4274652883654682
Qwen3-4B-Instruct-2507,self_conditioned_baseline,713,1.4274616394812145
Qwen3-4B-Instruct-2507,self_conditioned_baseline,714,1.4274577012981395
Qwen3-4B-Instruct-2507,self_conditioned_baseline,715,1.4275139583918812
Qwen3-4B-Instruct-2507,self_conditioned_baseline,716,1.4275446059085113
Qwen3-4B-Instruct-2507,self_conditioned_baseline,717,1.4275170888684825
Qwen3-4B-Instruct-2507,self_conditioned_baseline,718,1.4275682869930133
Qwen3-4B-Instruct-2507,self_conditioned_baseline,719,1.4275150303526023
Qwen3-4B-Instruct-2507,self_conditioned_baseline,720,1.4275219666598449
Qwen3-4B-Instruct-2507,self_conditioned_baseline,721,1.4276167919096483
Qwen3-4B-Instruct-2507,self_conditioned_baseline,722,1.4275934981794052
Qwen3-4B-Instruct-2507,self_conditioned_baseline,723,1.4275321989576806
Qwen3-4B-Instruct-2507,self_conditioned_baseline,724,1.4274913646488159
Qwen3-4B-Instruct-2507,self_conditioned_baseline,725,1.4256570321283095
Qwen3-4B-Instruct-2507,self_conditioned_baseline,726,1.4256390085047266
Qwen3-4B-Instruct-2507,self_conditioned_baseline,727,1.4256873847915619
Qwen3-4B-Instruct-2507,self_conditioned_baseline,728,1.4257063582373362
Qwen3-4B-Instruct-2507,self_conditioned_baseline,729,1.41590177774369
Qwen3-4B-Instruct-2507,self_conditioned_baseline,730,1.4157968687358091
Qwen3-4B-Instruct-2507,self_conditioned_baseline,731,1.4157520276131499
Qwen3-4B-Instruct-2507,self_conditioned_baseline,732,1.4156155970491526
Qwen3-4B-Instruct-2507,self_conditioned_baseline,733,1.415545282412207
Qwen3-4B-Instruct-2507,self_conditioned_baseline,734,1.4155043480845981
Qwen3-4B-Instruct-2507,self_conditioned_baseline,735,1.4154962490791887
Qwen3-4B-Instruct-2507,self_conditioned_baseline,736,1.4153260643049903
Qwen3-4B-Instruct-2507,self_conditioned_baseline,737,1.4153959842168333
Qwen3-4B-Instruct-2507,self_conditioned_baseline,738,1.4154632413769488
Qwen3-4B-Instruct-2507,self_conditioned_baseline,739,1.415407687808318
Qwen3-4B-Instruct-2507,self_conditioned_baseline,740,1.4153330608651535
Qwen3-4B-Instruct-2507,self_conditioned_baseline,741,1.415194921548114
Qwen3-4B-Instruct-2507,self_conditioned_baseline,742,1.4151476803401326
Qwen3-4B-Instruct-2507,self_conditioned_baseline,743,1.4151541700612624
Qwen3-4B-Instruct-2507,self_conditioned_baseline,744,1.4150936388162347
Qwen3-4B-Instruct-2507,self_conditioned_baseline,745,1.4151102798132353
Qwen3-4B-Instruct-2507,self_conditioned_baseline,746,1.4150217970554708
Qwen3-4B-Instruct-2507,self_conditioned_baseline,747,1.4149809676980902
Qwen3-4B-Instruct-2507,self_conditioned_baseline,748,1.4150085991912675
Qwen3-4B-Instruct-2507,self_conditioned_baseline,749,1.4149807015770304
Qwen3-4B-Instruct-2507,self_conditioned_baseline,750,1.414983011311352
Qwen3-4B-Instruct-2507,self_conditioned_baseline,751,1.4149644684662321
Qwen3-4B-Instruct-2507,self_conditioned_baseline,752,1.41499081392892
Qwen3-4B-Instruct-2507,self_conditioned_baseline,753,1.4150051942559534
Qwen3-4B-Instruct-2507,self_conditioned_baseline,754,1.414948127068036
Qwen3-4B-Instruct-2507,self_conditioned_baseline,755,1.4032949317500727
Qwen3-4B-Instruct-2507,self_conditioned_baseline,756,1.4033787410524063
Qwen3-4B-Instruct-2507,self_conditioned_baseline,757,1.4033382741685336
Qwen3-4B-Instruct-2507,self_conditioned_baseline,758,1.4032833277145351
Qwen3-4B-Instruct-2507,self_conditioned_baseline,759,1.403328004441917
Qwen3-4B-Instruct-2507,self_conditioned_baseline,760,1.4034160096412005
Qwen3-4B-Instruct-2507,self_conditioned_baseline,761,1.4034025657248095
Qwen3-4B-Instruct-2507,self_conditioned_baseline,762,1.4034505012069631
Qwen3-4B-Instruct-2507,self_conditioned_baseline,763,1.4033658326919212
Qwen3-4B-Instruct-2507,self_conditioned_baseline,764,1.4034612182912243
Qwen3-4B-Instruct-2507,self_conditioned_baseline,765,1.4035288086634934
Qwen3-4B-Instruct-2507,self_conditioned_baseline,766,1.4035432090292232
Qwen3-4B-Instruct-2507,self_conditioned_baseline,767,1.403548969793236
Qwen3-4B-Instruct-2507,self_conditioned_baseline,768,1.4034822755284304
Qwen3-4B-Instruct-2507,self_conditioned_baseline,769,1.4033819495201425
Qwen3-4B-Instruct-2507,self_conditioned_baseline,770,1.403427226547631
Qwen3-4B-Instruct-2507,self_conditioned_baseline,771,1.4034542510913541
Qwen3-4B-Instruct-2507,self_conditioned_baseline,772,1.4034934702200974
Qwen3-4B-Instruct-2507,self_conditioned_baseline,773,1.403373035075937
Qwen3-4B-Instruct-2507,self_conditioned_baseline,774,1.4032623794926098
Qwen3-4B-Instruct-2507,self_conditioned_baseline,775,1.403465660263491
Qwen3-4B-Instruct-2507,self_conditioned_baseline,776,1.403463277568274
Qwen3-4B-Instruct-2507,self_conditioned_baseline,777,1.4033039858462488
Qwen3-4B-Instruct-2507,self_conditioned_baseline,778,1.4033084444552264
Qwen3-4B-Instruct-2507,self_conditioned_baseline,779,1.4031975227382523
Qwen3-4B-Instruct-2507,self_conditioned_baseline,780,1.4032377749054954
Qwen3-4B-Instruct-2507,self_conditioned_baseline,781,1.4032073531846778
Qwen3-4B-Instruct-2507,self_conditioned_baseline,782,1.4031438891001027
Qwen3-4B-Instruct-2507,self_conditioned_baseline,783,1.4031554175628937
Qwen3-4B-Instruct-2507,self_conditioned_baseline,784,1.4002602499884595
Qwen3-4B-Instruct-2507,self_conditioned_baseline,785,1.4002191866918243
Qwen3-4B-Instruct-2507,self_conditioned_baseline,786,1.4002509655982254
Qwen3-4B-Instruct-2507,self_conditioned_baseline,787,1.400309562198162
Qwen3-4B-Instruct-2507,self_conditioned_baseline,788,1.400251738914685
Qwen3-4B-Instruct-2507,self_conditioned_baseline,789,1.40028502489322
Qwen3-4B-Instruct-2507,self_conditioned_baseline,790,1.4003662035094362
Qwen3-4B-Instruct-2507,self_conditioned_baseline,791,1.400295425507431
Qwen3-4B-Instruct-2507,self_conditioned_baseline,792,1.4019398751734096
Qwen3-4B-Instruct-2507,self_conditioned_baseline,793,1.4019944786433902
Qwen3-4B-Instruct-2507,self_conditioned_baseline,794,1.3962487883337384
Qwen3-4B-Instruct-2507,self_conditioned_baseline,795,1.3963316733435913
Qwen3-4B-Instruct-2507,self_conditioned_baseline,796,1.3963173187073914
Qwen3-4B-Instruct-2507,self_conditioned_baseline,797,1.3963515276973129
Qwen3-4B-Instruct-2507,self_conditioned_baseline,798,1.3963017429430853
Qwen3-4B-Instruct-2507,self_conditioned_baseline,799,1.3963455949517622
Qwen3-4B-Instruct-2507,self_conditioned_baseline,800,1.3964285179080504
Qwen3-4B-Instruct-2507,self_conditioned_baseline,801,1.3965619791627322
Qwen3-4B-Instruct-2507,self_conditioned_baseline,802,1.3965851476944056
Qwen3-4B-Instruct-2507,self_conditioned_baseline,803,1.3966493298492966
Qwen3-4B-Instruct-2507,self_conditioned_baseline,804,1.3966489502418644
Qwen3-4B-Instruct-2507,self_conditioned_baseline,805,1.3967207834722888
Qwen3-4B-Instruct-2507,self_conditioned_baseline,806,1.3966774130700192
Qwen3-4B-Instruct-2507,self_conditioned_baseline,807,1.3966203113909008
Qwen3-4B-Instruct-2507,self_conditioned_baseline,808,1.3966325716494281
Qwen3-4B-Instruct-2507,self_conditioned_baseline,809,1.3966967048086505
Qwen3-4B-Instruct-2507,self_conditioned_baseline,810,1.3965979655519125
Qwen3-4B-Instruct-2507,self_conditioned_baseline,811,1.3965469884256057
Qwen3-4B-Instruct-2507,self_conditioned_baseline,812,1.3965135997836804
Qwen3-4B-Instruct-2507,self_conditioned_baseline,813,1.3964142122540146
Qwen3-4B-Instruct-2507,self_conditioned_baseline,814,1.3963535733241421
Qwen3-4B-Instruct-2507,self_conditioned_baseline,815,1.3963268562845599
Qwen3-4B-Instruct-2507,self_conditioned_baseline,816,1.3963095580242022
Qwen3-4B-Instruct-2507,self_conditioned_baseline,817,1.3963361649395256
Qwen3-4B-Instruct-2507,self_conditioned_baseline,818,1.3962958054869166
Qwen3-4B-Instruct-2507,self_conditioned_baseline,819,1.3964519121959158
Qwen3-4B-Instruct-2507,self_conditioned_baseline,820,1.3964927390146062
Qwen3-4B-Instruct-2507,self_conditioned_baseline,821,1.3966545179913774
Qwen3-4B-Instruct-2507,self_conditioned_baseline,822,1.3967356479539748
Qwen3-4B-Instruct-2507,self_conditioned_baseline,823,1.3968039214138213
Qwen3-4B-Instruct-2507,self_conditioned_baseline,824,1.392813281219508
Qwen3-4B-Instruct-2507,self_conditioned_baseline,825,1.3928192748280903
Qwen3-4B-Instruct-2507,self_conditioned_baseline,826,1.392820974403338
Qwen3-4B-Instruct-2507,self_conditioned_baseline,827,1.392703231019023
Qwen3-4B-Instruct-2507,self_conditioned_baseline,828,1.392650449121156
Qwen3-4B-Instruct-2507,self_conditioned_baseline,829,1.3927125758220815
Qwen3-4B-Instruct-2507,self_conditioned_baseline,830,1.3927169564992883
Qwen3-4B-Instruct-2507,self_conditioned_baseline,831,1.3927856337095428
Qwen3-4B-Instruct-2507,self_conditioned_baseline,832,1.3928070886542911
Qwen3-4B-Instruct-2507,self_conditioned_baseline,833,1.3927449688240368
Qwen3-4B-Instruct-2507,self_conditioned_baseline,834,1.3927020548210793
Qwen3-4B-Instruct-2507,self_conditioned_baseline,835,1.392816339949517
Qwen3-4B-Instruct-2507,self_conditioned_baseline,836,1.3928297660492406
Qwen3-4B-Instruct-2507,self_conditioned_baseline,837,1.3928355649278612
Qwen3-4B-Instruct-2507,self_conditioned_baseline,838,1.3928106532510816
Qwen3-4B-Instruct-2507,self_conditioned_baseline,839,1.3928760171698977
Qwen3-4B-Instruct-2507,self_conditioned_baseline,840,1.3928743048615297
Qwen3-4B-Instruct-2507,self_conditioned_baseline,841,1.392891926347612
Qwen3-4B-Instruct-2507,self_conditioned_baseline,842,1.3928383009397953
Qwen3-4B-Instruct-2507,self_conditioned_baseline,843,1.3929991302144182
Qwen3-4B-Instruct-2507,self_conditioned_baseline,844,1.3930778405263182
Qwen3-4B-Instruct-2507,self_conditioned_baseline,845,1.3930228895127996
Qwen3-4B-Instruct-2507,self_conditioned_baseline,846,1.3931468429412748
Qwen3-4B-Instruct-2507,self_conditioned_baseline,847,1.3932577172153575
Qwen3-4B-Instruct-2507,self_conditioned_baseline,848,1.3933236536075901
Qwen3-4B-Instruct-2507,self_conditioned_baseline,849,1.3934256336497988
Qwen3-4B-Instruct-2507,self_conditioned_baseline,850,1.3934919372920016
Qwen3-4B-Instruct-2507,self_conditioned_baseline,851,1.3936522116949204
Qwen3-4B-Instruct-2507,self_conditioned_baseline,852,1.393718924310225
Qwen3-4B-Instruct-2507,self_conditioned_baseline,853,1.393674520653913
Qwen3-4B-Instruct-2507,self_conditioned_baseline,854,1.3937009603484327
Qwen3-4B-Instruct-2507,self_conditioned_baseline,855,1.3936193007381739
Qwen3-4B-Instruct-2507,self_conditioned_baseline,856,1.393619535134681
Qwen3-4B-Instruct-2507,self_conditioned_baseline,857,1.3936343737744206
Qwen3-4B-Instruct-2507,self_conditioned_baseline,858,1.3936190945145583
Qwen3-4B-Instruct-2507,self_conditioned_baseline,859,1.3936543057809485
Qwen3-4B-Instruct-2507,self_conditioned_baseline,860,1.393753130666548
Qwen3-4B-Instruct-2507,self_conditioned_baseline,861,1.393836005995628
Qwen3-4B-Instruct-2507,self_conditioned_baseline,862,1.3938477478097515
Qwen3-4B-Instruct-2507,self_conditioned_baseline,863,1.3938145106977065
Qwen3-4B-Instruct-2507,self_conditioned_baseline,864,1.393835796676731
Qwen3-4B-Instruct-2507,self_conditioned_baseline,865,1.3938868747912256
Qwen3-4B-Instruct-2507,self_conditioned_baseline,866,1.3939219948393364
Qwen3-4B-Instruct-2507,self_conditioned_baseline,867,1.394000322661233
Qwen3-4B-Instruct-2507,self_conditioned_baseline,868,1.3940212673534496
Qwen3-4B-Instruct-2507,self_conditioned_baseline,869,1.3940638730200559
Qwen3-4B-Instruct-2507,self_conditioned_baseline,870,1.3941063130497469
Qwen3-4B-Instruct-2507,self_conditioned_baseline,871,1.394063208133409
Qwen3-4B-Instruct-2507,self_conditioned_baseline,872,1.3942214186923303
Qwen3-4B-Instruct-2507,self_conditioned_baseline,873,1.394280945735161
Qwen3-4B-Instruct-2507,self_conditioned_baseline,874,1.3942372107098842
Qwen3-4B-Instruct-2507,self_conditioned_baseline,875,1.3941821251745574
Qwen3-4B-Instruct-2507,self_conditioned_baseline,876,1.3941993502474912
Qwen3-4B-Instruct-2507,self_conditioned_baseline,877,1.394159625550976
Qwen3-4B-Instruct-2507,self_conditioned_baseline,878,1.3940818205465109
Qwen3-4B-Instruct-2507,self_conditioned_baseline,879,1.394098762619894
Qwen3-4B-Instruct-2507,self_conditioned_baseline,880,1.3941465663719275
Qwen3-4B-Instruct-2507,self_conditioned_baseline,881,1.3941642091683837
Qwen3-4B-Instruct-2507,self_conditioned_baseline,882,1.39423171051382
Qwen3-4B-Instruct-2507,self_conditioned_baseline,883,1.3943322656733144
Qwen3-4B-Instruct-2507,self_conditioned_baseline,884,1.3943763043700699
Qwen3-4B-Instruct-2507,self_conditioned_baseline,885,1.3944392087104702
Qwen3-4B-Instruct-2507,self_conditioned_baseline,886,1.3945555324601713
Qwen3-4B-Instruct-2507,self_conditioned_baseline,887,1.394501442403635
Qwen3-4B-Instruct-2507,self_conditioned_baseline,888,1.3944714068470947
Qwen3-4B-Instruct-2507,self_conditioned_baseline,889,1.3944904173875388
Qwen3-4B-Instruct-2507,self_conditioned_baseline,890,1.3944362170691145
Qwen3-4B-Instruct-2507,self_conditioned_baseline,891,1.3944837090839362
Qwen3-4B-Instruct-2507,self_conditioned_baseline,892,1.3944876025588222
Qwen3-4B-Instruct-2507,self_conditioned_baseline,893,1.3946284466985215
Qwen3-4B-Instruct-2507,self_conditioned_baseline,894,1.3945948850044998
Qwen3-4B-Instruct-2507,self_conditioned_baseline,895,1.3946805440839438
Qwen3-4B-Instruct-2507,self_conditioned_baseline,896,1.3948312535976835
Qwen3-4B-Instruct-2507,self_conditioned_baseline,897,1.3949136073130313
Qwen3-4B-Instruct-2507,self_conditioned_baseline,898,1.3949651839657748
Qwen3-4B-Instruct-2507,self_conditioned_baseline,899,1.394910424604118
Qwen3-4B-Instruct-2507,self_conditioned_baseline,900,1.3949896959192414
Qwen3-4B-Instruct-2507,self_conditioned_baseline,901,1.3950728421746161
Qwen3-4B-Instruct-2507,self_conditioned_baseline,902,1.3951455272148792
Qwen3-4B-Instruct-2507,self_conditioned_baseline,903,1.3951278531570506
Qwen3-4B-Instruct-2507,self_conditioned_baseline,904,1.3950994335570182
Qwen3-4B-Instruct-2507,self_conditioned_baseline,905,1.395191029754295
Qwen3-4B-Instruct-2507,self_conditioned_baseline,906,1.3951835486898339
Qwen3-4B-Instruct-2507,self_conditioned_baseline,907,1.3951398583522254
Qwen3-4B-Instruct-2507,self_conditioned_baseline,908,1.3951103193576126
Qwen3-4B-Instruct-2507,self_conditioned_baseline,909,1.3951494989406825
Qwen3-4B-Instruct-2507,self_conditioned_baseline,910,1.395150093377363
Qwen3-4B-Instruct-2507,self_conditioned_baseline,911,1.3952114659686095
Qwen3-4B-Instruct-2507,self_conditioned_baseline,912,1.3951951920849242
Qwen3-4B-Instruct-2507,self_conditioned_baseline,913,1.3952871705334027
Qwen3-4B-Instruct-2507,self_conditioned_baseline,914,1.3955112027458063
Qwen3-4B-Instruct-2507,self_conditioned_baseline,915,1.3954153625149974
Qwen3-4B-Instruct-2507,self_conditioned_baseline,916,1.3954115966340699
Qwen3-4B-Instruct-2507,self_conditioned_baseline,917,1.3954193130999102
Qwen3-4B-Instruct-2507,self_conditioned_baseline,918,1.3954493275464073
Qwen3-4B-Instruct-2507,self_conditioned_baseline,919,1.3954341698322192
Qwen3-4B-Instruct-2507,self_conditioned_baseline,920,1.3954867624496265
Qwen3-4B-Instruct-2507,self_conditioned_baseline,921,1.3955666372549482
Qwen3-4B-Instruct-2507,self_conditioned_baseline,922,1.3956170180055187
Qwen3-4B-Instruct-2507,self_conditioned_baseline,923,1.3956584418334532
Qwen3-4B-Instruct-2507,self_conditioned_baseline,924,1.3956986651785752
Qwen3-4B-Instruct-2507,self_conditioned_baseline,925,1.395813315479697
Qwen3-4B-Instruct-2507,self_conditioned_baseline,926,1.3957863781309654
Qwen3-4B-Instruct-2507,self_conditioned_baseline,927,1.395910153416883
Qwen3-4B-Instruct-2507,self_conditioned_baseline,928,1.3959705439417625
Qwen3-4B-Instruct-2507,self_conditioned_baseline,929,1.3960543090820086
Qwen3-4B-Instruct-2507,self_conditioned_baseline,930,1.3960452799035803
Qwen3-4B-Instruct-2507,self_conditioned_baseline,931,1.3961579741468992
Qwen3-4B-Instruct-2507,self_conditioned_baseline,932,1.3961592826671998
Qwen3-4B-Instruct-2507,self_conditioned_baseline,933,1.3961919410274302
Qwen3-4B-Instruct-2507,self_conditioned_baseline,934,1.3962215581264397
Qwen3-4B-Instruct-2507,self_conditioned_baseline,935,1.396349953219453
Qwen3-4B-Instruct-2507,self_conditioned_baseline,936,1.3964423998608946
Qwen3-4B-Instruct-2507,self_conditioned_baseline,937,1.396460227533718
Qwen3-4B-Instruct-2507,self_conditioned_baseline,938,1.396574334230813
Qwen3-4B-Instruct-2507,self_conditioned_baseline,939,1.39666296047589
Qwen3-4B-Instruct-2507,self_conditioned_baseline,940,1.3967072304224486
Qwen3-4B-Instruct-2507,self_conditioned_baseline,941,1.3967567763881454
Qwen3-4B-Instruct-2507,self_conditioned_baseline,942,1.3968163808702092
Qwen3-4B-Instruct-2507,self_conditioned_baseline,943,1.3969201462074132
Qwen3-4B-Instruct-2507,self_conditioned_baseline,944,1.3970520350675746
Qwen3-4B-Instruct-2507,self_conditioned_baseline,945,1.3971472337154525
Qwen3-4B-Instruct-2507,self_conditioned_baseline,946,1.3972822604872859
Qwen3-4B-Instruct-2507,self_conditioned_baseline,947,1.3973475768948378
Qwen3-4B-Instruct-2507,self_conditioned_baseline,948,1.3973427976462902
Qwen3-4B-Instruct-2507,self_conditioned_baseline,949,1.394698257576972
Qwen3-4B-Instruct-2507,self_conditioned_baseline,950,1.3948091933820992
Qwen3-4B-Instruct-2507,self_conditioned_baseline,951,1.3949168249819954
Qwen3-4B-Instruct-2507,self_conditioned_baseline,952,1.3950635082721539
Qwen3-4B-Instruct-2507,self_conditioned_baseline,953,1.3952482251097742
Qwen3-4B-Instruct-2507,self_conditioned_baseline,954,1.395333206452158
Qwen3-4B-Instruct-2507,self_conditioned_baseline,955,1.3954615001173134
Qwen3-4B-Instruct-2507,self_conditioned_baseline,956,1.3956038778429263
Qwen3-4B-Instruct-2507,self_conditioned_baseline,957,1.3957161181254985
Qwen3-4B-Instruct-2507,self_conditioned_baseline,958,1.395823711257016
Qwen3-4B-Instruct-2507,self_conditioned_baseline,959,1.3959276623111485
Qwen3-4B-Instruct-2507,self_conditioned_baseline,960,1.3960461537317737
Qwen3-4B-Instruct-2507,self_conditioned_baseline,961,1.3961055204128165
Qwen3-4B-Instruct-2507,self_conditioned_baseline,962,1.3960627938501382
Qwen3-4B-Instruct-2507,self_conditioned_baseline,963,1.3960374816774574
Qwen3-4B-Instruct-2507,self_conditioned_baseline,964,1.3960733742756632
Qwen3-4B-Instruct-2507,self_conditioned_baseline,965,1.3961466814172252
Qwen3-4B-Instruct-2507,self_conditioned_baseline,966,1.3961063986940783
Qwen3-4B-Instruct-2507,self_conditioned_baseline,967,1.3961666944179667
Qwen3-4B-Instruct-2507,self_conditioned_baseline,968,1.396225749813534
Qwen3-4B-Instruct-2507,self_conditioned_baseline,969,1.3963376775950969
Qwen3-4B-Instruct-2507,self_conditioned_baseline,970,1.3963594885385628
Qwen3-4B-Instruct-2507,self_conditioned_baseline,971,1.3965047777392654
Qwen3-4B-Instruct-2507,self_conditioned_baseline,972,1.3965557719451973
Qwen3-4B-Instruct-2507,self_conditioned_baseline,973,1.3966649787964238
Qwen3-4B-Instruct-2507,self_conditioned_baseline,974,1.3967412134009005
Qwen3-4B-Instruct-2507,self_conditioned_baseline,975,1.39691904468978
Qwen3-4B-Instruct-2507,self_conditioned_baseline,976,1.3968498700888485
Qwen3-4B-Instruct-2507,self_conditioned_baseline,977,1.3970007759779974
Qwen3-4B-Instruct-2507,self_conditioned_baseline,978,1.396910563647907
Qwen3-4B-Instruct-2507,self_conditioned_baseline,979,1.3968605075955323
Qwen3-4B-Instruct-2507,self_conditioned_baseline,980,1.3969767999971925
Qwen3-4B-Instruct-2507,self_conditioned_baseline,981,1.3970014963298376
Qwen3-4B-Instruct-2507,self_conditioned_baseline,982,1.3971093115934843
Qwen3-4B-Instruct-2507,self_conditioned_baseline,983,1.3971452139056335
Qwen3-4B-Instruct-2507,self_conditioned_baseline,984,1.3972654083858522
Qwen3-4B-Instruct-2507,self_conditioned_baseline,985,1.3973519189736847
Qwen3-4B-Instruct-2507,self_conditioned_baseline,986,1.3973634057790858
Qwen3-4B-Instruct-2507,self_conditioned_baseline,987,1.3975017115209294
Qwen3-4B-Instruct-2507,self_conditioned_baseline,988,1.3974764897013872
Qwen3-4B-Instruct-2507,self_conditioned_baseline,989,1.3975681902339219
Qwen3-4B-Instruct-2507,self_conditioned_baseline,990,1.3976491542723046
Qwen3-4B-Instruct-2507,self_conditioned_baseline,991,1.3976287050293859
Qwen3-4B-Instruct-2507,self_conditioned_baseline,992,1.3977437685498326
Qwen3-4B-Instruct-2507,self_conditioned_baseline,993,1.3979876287150736
Qwen3-4B-Instruct-2507,self_conditioned_baseline,994,1.3981417263791043
Qwen3-4B-Instruct-2507,self_conditioned_baseline,995,1.3982235791856787
Qwen3-4B-Instruct-2507,self_conditioned_baseline,996,1.3982827281603352
Qwen3-4B-Instruct-2507,self_conditioned_baseline,997,1.398193200343627
Qwen3-4B-Instruct-2507,self_conditioned_baseline,998,1.3982890952739566
Qwen3-4B-Instruct-2507,self_conditioned_baseline,999,1.3982898627434368
Qwen3-4B-Instruct-2507,self_conditioned_baseline,1000,1.3983524848284064
Qwen3-4B-Instruct-2507,self_conditioned_baseline,1001,1.398355492317783
Qwen3-4B-Instruct-2507,self_conditioned_baseline,1002,1.3986256378662494
Qwen3-4B-Instruct-2507,self_conditioned_baseline,1003,1.3987054893912938
Qwen3-4B-Instruct-2507,self_conditioned_baseline,1004,1.3987616567712269
Qwen3-4B-Instruct-2507,self_conditioned_baseline,1005,1.398877446053715
Qwen3-4B-Instruct-2507,self_conditioned_baseline,1006,1.3989352042723855
Qwen3-4B-Instruct-2507,self_conditioned_baseline,1007,1.3990578851780267
Qwen3-4B-Instruct-2507,self_conditioned_baseline,1008,1.3992186240286928
Qwen3-4B-Instruct-2507,self_conditioned_baseline,1009,1.3994129520245508
Qwen3-4B-Instruct-2507,self_conditioned_baseline,1010,1.3996453149108166
Qwen3-4B-Instruct-2507,self_conditioned_baseline,1011,1.3996482048840788
Qwen3-4B-Instruct-2507,self_conditioned_baseline,1012,1.3997181336314686
Qwen3-4B-Instruct-2507,self_conditioned_baseline,1013,1.3997573347899617
Qwen3-4B-Instruct-2507,self_conditioned_baseline,1014,1.3996966615218867
Qwen3-4B-Instruct-2507,self_conditioned_baseline,1015,1.3996945442423119
Qwen3-4B-Instruct-2507,self_conditioned_baseline,1016,1.3999240186097484
Qwen3-4B-Instruct-2507,self_conditioned_baseline,1017,1.3999787826540864
Qwen3-4B-Instruct-2507,self_conditioned_baseline,1018,1.4000342906340277
Qwen3-4B-Instruct-2507,self_conditioned_baseline,1019,1.3999749363769616
Qwen3-4B-Instruct-2507,self_conditioned_baseline,1020,1.4001885267888916
Qwen3-4B-Instruct-2507,self_conditioned_baseline,1021,1.4002997271010886
Qwen3-4B-Instruct-2507,self_conditioned_baseline,1022,1.4004188235455364
Qwen3-4B-Instruct-2507,self_conditioned_baseline,1023,1.4000308730128896
Qwen3-4B-Instruct-2507,external_random_delta_2,30,1.111013947211675
Qwen3-4B-Instruct-2507,external_random_delta_2,31,1.1466504774316293
Qwen3-4B-Instruct-2507,external_random_delta_2,32,1.0929301071167263
Qwen3-4B-Instruct-2507,external_random_delta_2,33,1.0750810944886582
Qwen3-4B-Instruct-2507,external_random_delta_2,34,1.0663064841138123
Qwen3-4B-Instruct-2507,external_random_delta_2,35,1.055013463327818
Qwen3-4B-Instruct-2507,external_random_delta_2,36,1.0587672157993508
Qwen3-4B-Instruct-2507,external_random_delta_2,37,1.1208432996342377
Qwen3-4B-Instruct-2507,external_random_delta_2,38,1.142393408056751
Qwen3-4B-Instruct-2507,external_random_delta_2,39,1.1441197240365486
Qwen3-4B-Instruct-2507,external_random_delta_2,40,1.1695082204247427
Qwen3-4B-Instruct-2507,external_random_delta_2,41,1.208344964799593
Qwen3-4B-Instruct-2507,external_random_delta_2,42,1.2359886771376485
Qwen3-4B-Instruct-2507,external_random_delta_2,43,1.242803001267415
Qwen3-4B-Instruct-2507,external_random_delta_2,44,1.2510582353204716
Qwen3-4B-Instruct-2507,external_random_delta_2,45,1.251547923511923
Qwen3-4B-Instruct-2507,external_random_delta_2,46,1.2604081434762888
Qwen3-4B-Instruct-2507,external_random_delta_2,47,1.267082940389135
Qwen3-4B-Instruct-2507,external_random_delta_2,48,1.2672474777306155
Qwen3-4B-Instruct-2507,external_random_delta_2,49,1.2726169574805268
Qwen3-4B-Instruct-2507,external_random_delta_2,50,1.2716894328718447
Qwen3-4B-Instruct-2507,external_random_delta_2,51,1.2769844599468991
Qwen3-4B-Instruct-2507,external_random_delta_2,52,1.2797432260856152
Qwen3-4B-Instruct-2507,external_random_delta_2,53,1.2930819502709352
Qwen3-4B-Instruct-2507,external_random_delta_2,54,1.3023768055805793
Qwen3-4B-Instruct-2507,external_random_delta_2,55,1.308137225046392
Qwen3-4B-Instruct-2507,external_random_delta_2,56,1.312074262263891
Qwen3-4B-Instruct-2507,external_random_delta_2,57,1.3164806171729562
Qwen3-4B-Instruct-2507,external_random_delta_2,58,1.3206972705440727
Qwen3-4B-Instruct-2507,external_random_delta_2,59,1.3225095064214893
Qwen3-4B-Instruct-2507,external_random_delta_2,60,1.3261715869575608
Qwen3-4B-Instruct-2507,external_random_delta_2,61,1.329623529672851
Qwen3-4B-Instruct-2507,external_random_delta_2,62,1.3325853906950729
Qwen3-4B-Instruct-2507,external_random_delta_2,63,1.3345658697865102
Qwen3-4B-Instruct-2507,external_random_delta_2,64,1.3361534792235361
Qwen3-4B-Instruct-2507,external_random_delta_2,65,1.3372718350107835
Qwen3-4B-Instruct-2507,external_random_delta_2,66,1.3393876545310341
Qwen3-4B-Instruct-2507,external_random_delta_2,67,1.3409472807303504
Qwen3-4B-Instruct-2507,external_random_delta_2,68,1.3415369876265968
Qwen3-4B-Instruct-2507,external_random_delta_2,69,1.3426512511279332
Qwen3-4B-Instruct-2507,external_random_delta_2,70,1.3430004114873817
Qwen3-4B-Instruct-2507,external_random_delta_2,71,1.3428647263979179
Qwen3-4B-Instruct-2507,external_random_delta_2,72,1.3410095186364863
Qwen3-4B-Instruct-2507,external_random_delta_2,73,1.3397365650190096
Qwen3-4B-Instruct-2507,external_random_delta_2,74,1.3389219287444445
Qwen3-4B-Instruct-2507,external_random_delta_2,75,1.337244852461931
Qwen3-4B-Instruct-2507,external_random_delta_2,76,1.3351491361539174
Qwen3-4B-Instruct-2507,external_random_delta_2,77,1.3333345173548485
Qwen3-4B-Instruct-2507,external_random_delta_2,78,1.3307627613191158
Qwen3-4B-Instruct-2507,external_random_delta_2,79,1.3285201497904862
Qwen3-4B-Instruct-2507,external_random_delta_2,80,1.3258280491616945
Qwen3-4B-Instruct-2507,external_random_delta_2,81,1.3226838966742718
Qwen3-4B-Instruct-2507,external_random_delta_2,82,1.319378263514479
Qwen3-4B-Instruct-2507,external_random_delta_2,83,1.3163383722608442
Qwen3-4B-Instruct-2507,external_random_delta_2,84,1.3142127547728815
Qwen3-4B-Instruct-2507,external_random_delta_2,85,1.311437384116387
Qwen3-4B-Instruct-2507,external_random_delta_2,86,1.308719244553298
Qwen3-4B-Instruct-2507,external_random_delta_2,87,1.3072218894269207
Qwen3-4B-Instruct-2507,external_random_delta_2,88,1.3045821778380033
Qwen3-4B-Instruct-2507,external_random_delta_2,89,1.3025712283134967
Qwen3-4B-Instruct-2507,external_random_delta_2,90,1.3009655868691659
Qwen3-4B-Instruct-2507,external_random_delta_2,91,1.2990633442897785
Qwen3-4B-Instruct-2507,external_random_delta_2,92,1.2976554526518005
Qwen3-4B-Instruct-2507,external_random_delta_2,93,1.296188424906553
Qwen3-4B-Instruct-2507,external_random_delta_2,94,1.294957286821971
Qwen3-4B-Instruct-2507,external_random_delta_2,95,1.2942392605695996
Qwen3-4B-Instruct-2507,external_random_delta_2,96,1.2937412934592458
Qwen3-4B-Instruct-2507,external_random_delta_2,97,1.2931913372066608
Qwen3-4B-Instruct-2507,external_random_delta_2,98,1.2923181069415313
Qwen3-4B-Instruct-2507,external_random_delta_2,99,1.291827171034899
Qwen3-4B-Instruct-2507,external_random_delta_2,100,1.290627961789396
Qwen3-4B-Instruct-2507,external_random_delta_2,101,1.2902350474034274
Qwen3-4B-Instruct-2507,external_random_delta_2,102,1.2899299564396873
Qwen3-4B-Instruct-2507,external_random_delta_2,103,1.2889292222589501
Qwen3-4B-Instruct-2507,external_random_delta_2,104,1.289045056909813
Qwen3-4B-Instruct-2507,external_random_delta_2,105,1.288260374689763
Qwen3-4B-Instruct-2507,external_random_delta_2,106,1.28829229426155
Qwen3-4B-Instruct-2507,external_random_delta_2,107,1.2887778324769743
Qwen3-4B-Instruct-2507,external_random_delta_2,108,1.2893986750436004
Qwen3-4B-Instruct-2507,external_random_delta_2,109,1.2898325201436105
Qwen3-4B-Instruct-2507,external_random_delta_2,110,1.2906881979945966
Qwen3-4B-Instruct-2507,external_random_delta_2,111,1.2915470495628008
Qwen3-4B-Instruct-2507,external_random_delta_2,112,1.2924219226667273
Qwen3-4B-Instruct-2507,external_random_delta_2,113,1.2933344765711783
Qwen3-4B-Instruct-2507,external_random_delta_2,114,1.293821848799554
Qwen3-4B-Instruct-2507,external_random_delta_2,115,1.294885876168899
Qwen3-4B-Instruct-2507,external_random_delta_2,116,1.2963271774091698
Qwen3-4B-Instruct-2507,external_random_delta_2,117,1.2975034573681632
Qwen3-4B-Instruct-2507,external_random_delta_2,118,1.2990365329237918
Qwen3-4B-Instruct-2507,external_random_delta_2,119,1.30011557143492
Qwen3-4B-Instruct-2507,external_random_delta_2,120,1.3009331467117973
Qwen3-4B-Instruct-2507,external_random_delta_2,121,1.3017305238162369
Qwen3-4B-Instruct-2507,external_random_delta_2,122,1.3028586035045726
Qwen3-4B-Instruct-2507,external_random_delta_2,123,1.3040281052563678
Qwen3-4B-Instruct-2507,external_random_delta_2,124,1.3050646246921365
Qwen3-4B-Instruct-2507,external_random_delta_2,125,1.3056033756024492
Qwen3-4B-Instruct-2507,external_random_delta_2,126,1.3070097869763742
Qwen3-4B-Instruct-2507,external_random_delta_2,127,1.3082661432223652
Qwen3-4B-Instruct-2507,external_random_delta_2,128,1.3092271460417098
Qwen3-4B-Instruct-2507,external_random_delta_2,129,1.3095873842042867
Qwen3-4B-Instruct-2507,external_random_delta_2,130,1.3109968656176116
Qwen3-4B-Instruct-2507,external_random_delta_2,131,1.311854120662146
Qwen3-4B-Instruct-2507,external_random_delta_2,132,1.3129206862737264
Qwen3-4B-Instruct-2507,external_random_delta_2,133,1.312996406745717
Qwen3-4B-Instruct-2507,external_random_delta_2,134,1.3137027850232696
Qwen3-4B-Instruct-2507,external_random_delta_2,135,1.3147898497600303
Qwen3-4B-Instruct-2507,external_random_delta_2,136,1.315299326445329
Qwen3-4B-Instruct-2507,external_random_delta_2,137,1.3158824832438851
Qwen3-4B-Instruct-2507,external_random_delta_2,138,1.316619586692822
Qwen3-4B-Instruct-2507,external_random_delta_2,139,1.316767677926635
Qwen3-4B-Instruct-2507,external_random_delta_2,140,1.3174083352332815
Qwen3-4B-Instruct-2507,external_random_delta_2,141,1.3181574678756538
Qwen3-4B-Instruct-2507,external_random_delta_2,142,1.3187064538495274
Qwen3-4B-Instruct-2507,external_random_delta_2,143,1.3192184884325813
Qwen3-4B-Instruct-2507,external_random_delta_2,144,1.3199362177468341
Qwen3-4B-Instruct-2507,external_random_delta_2,145,1.32043264052574
Qwen3-4B-Instruct-2507,external_random_delta_2,146,1.3210176845490593
Qwen3-4B-Instruct-2507,external_random_delta_2,147,1.3217782540517835
Qwen3-4B-Instruct-2507,external_random_delta_2,148,1.3223593129971345
Qwen3-4B-Instruct-2507,external_random_delta_2,149,1.3233067092801618
Qwen3-4B-Instruct-2507,external_random_delta_2,150,1.3236772473604699
Qwen3-4B-Instruct-2507,external_random_delta_2,151,1.3242284643615707
Qwen3-4B-Instruct-2507,external_random_delta_2,152,1.3251095661104801
Qwen3-4B-Instruct-2507,external_random_delta_2,153,1.3258555888045482
Qwen3-4B-Instruct-2507,external_random_delta_2,154,1.326321818275152
Qwen3-4B-Instruct-2507,external_random_delta_2,155,1.3267873643859724
Qwen3-4B-Instruct-2507,external_random_delta_2,156,1.3272585733035016
Qwen3-4B-Instruct-2507,external_random_delta_2,157,1.3273728558620785
Qwen3-4B-Instruct-2507,external_random_delta_2,158,1.3278596232620188
Qwen3-4B-Instruct-2507,external_random_delta_2,159,1.3281176816876954
Qwen3-4B-Instruct-2507,external_random_delta_2,160,1.3288577858146764
Qwen3-4B-Instruct-2507,external_random_delta_2,161,1.3295433287311593
Qwen3-4B-Instruct-2507,external_random_delta_2,162,1.3300259276900415
Qwen3-4B-Instruct-2507,external_random_delta_2,163,1.331022288731225
Qwen3-4B-Instruct-2507,external_random_delta_2,164,1.331972294366587
Qwen3-4B-Instruct-2507,external_random_delta_2,165,1.3326180594792925
Qwen3-4B-Instruct-2507,external_random_delta_2,166,1.3333408919557945
Qwen3-4B-Instruct-2507,external_random_delta_2,167,1.3339920814933288
Qwen3-4B-Instruct-2507,external_random_delta_2,168,1.3346519879308718
Qwen3-4B-Instruct-2507,external_random_delta_2,169,1.3354208863015913
Qwen3-4B-Instruct-2507,external_random_delta_2,170,1.3362312706790977
Qwen3-4B-Instruct-2507,external_random_delta_2,171,1.3372909785073575
Qwen3-4B-Instruct-2507,external_random_delta_2,172,1.3375133251417943
Qwen3-4B-Instruct-2507,external_random_delta_2,173,1.3380825430264822
Qwen3-4B-Instruct-2507,external_random_delta_2,174,1.3389258401010562
Qwen3-4B-Instruct-2507,external_random_delta_2,175,1.3394490130526258
Qwen3-4B-Instruct-2507,external_random_delta_2,176,1.3400075875148072
Qwen3-4B-Instruct-2507,external_random_delta_2,177,1.340667418603203
Qwen3-4B-Instruct-2507,external_random_delta_2,178,1.3411977697449011
Qwen3-4B-Instruct-2507,external_random_delta_2,179,1.3423366906897514
Qwen3-4B-Instruct-2507,external_random_delta_2,180,1.3431189909276244
Qwen3-4B-Instruct-2507,external_random_delta_2,181,1.343438535879874
Qwen3-4B-Instruct-2507,external_random_delta_2,182,1.3440945553016577
Qwen3-4B-Instruct-2507,external_random_delta_2,183,1.3450775075517227
Qwen3-4B-Instruct-2507,external_random_delta_2,184,1.3457747973597625
Qwen3-4B-Instruct-2507,external_random_delta_2,185,1.346273609282665
Qwen3-4B-Instruct-2507,external_random_delta_2,186,1.3471231225058535
Qwen3-4B-Instruct-2507,external_random_delta_2,187,1.3481148148360567
Qwen3-4B-Instruct-2507,external_random_delta_2,188,1.3489876660440039
Qwen3-4B-Instruct-2507,external_random_delta_2,189,1.3493472677031577
Qwen3-4B-Instruct-2507,external_random_delta_2,190,1.3500829156902527
Qwen3-4B-Instruct-2507,external_random_delta_2,191,1.350959158052285
Qwen3-4B-Instruct-2507,external_random_delta_2,192,1.351196373371365
Qwen3-4B-Instruct-2507,external_random_delta_2,193,1.3520619482315794
Qwen3-4B-Instruct-2507,external_random_delta_2,194,1.3523944226239641
Qwen3-4B-Instruct-2507,external_random_delta_2,195,1.3527475038052388
Qwen3-4B-Instruct-2507,external_random_delta_2,196,1.353393214064443
Qwen3-4B-Instruct-2507,external_random_delta_2,197,1.3537933203644843
Qwen3-4B-Instruct-2507,external_random_delta_2,198,1.356008292527839
Qwen3-4B-Instruct-2507,external_random_delta_2,199,1.3564127413062927
Qwen3-4B-Instruct-2507,external_random_delta_2,200,1.3565174277597944
Qwen3-4B-Instruct-2507,external_random_delta_2,201,1.356963309328027
Qwen3-4B-Instruct-2507,external_random_delta_2,202,1.3575059217292755
Qwen3-4B-Instruct-2507,external_random_delta_2,203,1.3578976634598008
Qwen3-4B-Instruct-2507,external_random_delta_2,204,1.357938990194705
Qwen3-4B-Instruct-2507,external_random_delta_2,205,1.3582769998344404
Qwen3-4B-Instruct-2507,external_random_delta_2,206,1.358717776888037
Qwen3-4B-Instruct-2507,external_random_delta_2,207,1.3591397314490408
Qwen3-4B-Instruct-2507,external_random_delta_2,208,1.3595730784609221
Qwen3-4B-Instruct-2507,external_random_delta_2,209,1.3597496394136301
Qwen3-4B-Instruct-2507,external_random_delta_2,210,1.360067798225355
Qwen3-4B-Instruct-2507,external_random_delta_2,211,1.361189609818808
Qwen3-4B-Instruct-2507,external_random_delta_2,212,1.3617626768068951
Qwen3-4B-Instruct-2507,external_random_delta_2,213,1.362172815854597
Qwen3-4B-Instruct-2507,external_random_delta_2,214,1.36278142804625
Qwen3-4B-Instruct-2507,external_random_delta_2,215,1.3629149988875475
Qwen3-4B-Instruct-2507,external_random_delta_2,216,1.3636127484159857
Qwen3-4B-Instruct-2507,external_random_delta_2,217,1.3647005900587648
Qwen3-4B-Instruct-2507,external_random_delta_2,218,1.365302666459245
Qwen3-4B-Instruct-2507,external_random_delta_2,219,1.365348772635726
Qwen3-4B-Instruct-2507,external_random_delta_2,220,1.3656597292858668
Qwen3-4B-Instruct-2507,external_random_delta_2,221,1.3661801087127772
Qwen3-4B-Instruct-2507,external_random_delta_2,222,1.3667310299623459
Qwen3-4B-Instruct-2507,external_random_delta_2,223,1.366820684198408
Qwen3-4B-Instruct-2507,external_random_delta_2,224,1.3671383238881638
Qwen3-4B-Instruct-2507,external_random_delta_2,225,1.3678542822339839
Qwen3-4B-Instruct-2507,external_random_delta_2,226,1.3683151048559057
Qwen3-4B-Instruct-2507,external_random_delta_2,227,1.3686208741193047
Qwen3-4B-Instruct-2507,external_random_delta_2,228,1.368807383972666
Qwen3-4B-Instruct-2507,external_random_delta_2,229,1.37283927958373
Qwen3-4B-Instruct-2507,external_random_delta_2,230,1.373357838436455
Qwen3-4B-Instruct-2507,external_random_delta_2,231,1.3737993002790676
Qwen3-4B-Instruct-2507,external_random_delta_2,232,1.3736927406492034
Qwen3-4B-Instruct-2507,external_random_delta_2,233,1.3744967567167055
Qwen3-4B-Instruct-2507,external_random_delta_2,234,1.3749764991616527
Qwen3-4B-Instruct-2507,external_random_delta_2,235,1.3754498630344965
Qwen3-4B-Instruct-2507,external_random_delta_2,236,1.3754683828644505
Qwen3-4B-Instruct-2507,external_random_delta_2,237,1.3756337855034158
Qwen3-4B-Instruct-2507,external_random_delta_2,238,1.3766948375277281
Qwen3-4B-Instruct-2507,external_random_delta_2,239,1.3771510863564864
Qwen3-4B-Instruct-2507,external_random_delta_2,240,1.3776510665375483
Qwen3-4B-Instruct-2507,external_random_delta_2,241,1.3780496250703405
Qwen3-4B-Instruct-2507,external_random_delta_2,242,1.380852320019073
Qwen3-4B-Instruct-2507,external_random_delta_2,243,1.3813737824286823
Qwen3-4B-Instruct-2507,external_random_delta_2,244,1.3817576018604845
Qwen3-4B-Instruct-2507,external_random_delta_2,245,1.3824050658610294
Qwen3-4B-Instruct-2507,external_random_delta_2,246,1.3827484937639885
Qwen3-4B-Instruct-2507,external_random_delta_2,247,1.3829974287639475
Qwen3-4B-Instruct-2507,external_random_delta_2,248,1.3832633961172092
Qwen3-4B-Instruct-2507,external_random_delta_2,249,1.3841255327926814
Qwen3-4B-Instruct-2507,external_random_delta_2,250,1.3847153072375493
Qwen3-4B-Instruct-2507,external_random_delta_2,251,1.3849879614659582
Qwen3-4B-Instruct-2507,external_random_delta_2,252,1.3856066856073594
Qwen3-4B-Instruct-2507,external_random_delta_2,253,1.3861947620030528
Qwen3-4B-Instruct-2507,external_random_delta_2,254,1.3863575979853686
Qwen3-4B-Instruct-2507,external_random_delta_2,255,1.3865110495970174
Qwen3-4B-Instruct-2507,external_random_delta_2,256,1.3867957439863003
Qwen3-4B-Instruct-2507,external_random_delta_2,257,1.3870010568582516
Qwen3-4B-Instruct-2507,external_random_delta_2,258,1.387519046529896
Qwen3-4B-Instruct-2507,external_random_delta_2,259,1.3876942116630113
Qwen3-4B-Instruct-2507,external_random_delta_2,260,1.3878358109655515
Qwen3-4B-Instruct-2507,external_random_delta_2,261,1.387748101236303
Qwen3-4B-Instruct-2507,external_random_delta_2,262,1.387982104597879
Qwen3-4B-Instruct-2507,external_random_delta_2,263,1.3879314667856915
Qwen3-4B-Instruct-2507,external_random_delta_2,264,1.388126447613178
Qwen3-4B-Instruct-2507,external_random_delta_2,265,1.3887972928865882
Qwen3-4B-Instruct-2507,external_random_delta_2,266,1.3889531161702675
Qwen3-4B-Instruct-2507,external_random_delta_2,267,1.3894902325933434
Qwen3-4B-Instruct-2507,external_random_delta_2,268,1.3897917761762688
Qwen3-4B-Instruct-2507,external_random_delta_2,269,1.3909739160636438
Qwen3-4B-Instruct-2507,external_random_delta_2,270,1.391630178290084
Qwen3-4B-Instruct-2507,external_random_delta_2,271,1.391754353849751
Qwen3-4B-Instruct-2507,external_random_delta_2,272,1.3918737783646606
Qwen3-4B-Instruct-2507,external_random_delta_2,273,1.392329266303516
Qwen3-4B-Instruct-2507,external_random_delta_2,274,1.3933740300448088
Qwen3-4B-Instruct-2507,external_random_delta_2,275,1.3938953212632264
Qwen3-4B-Instruct-2507,external_random_delta_2,276,1.3943804722120168
Qwen3-4B-Instruct-2507,external_random_delta_2,277,1.3947153290682894
Qwen3-4B-Instruct-2507,external_random_delta_2,278,1.395009489432738
Qwen3-4B-Instruct-2507,external_random_delta_2,279,1.3954399617681845
Qwen3-4B-Instruct-2507,external_random_delta_2,280,1.3955010438063542
Qwen3-4B-Instruct-2507,external_random_delta_2,281,1.395873461256299
Qwen3-4B-Instruct-2507,external_random_delta_2,282,1.3959183152886196
Qwen3-4B-Instruct-2507,external_random_delta_2,283,1.3961746072383892
Qwen3-4B-Instruct-2507,external_random_delta_2,284,1.396336425412083
Qwen3-4B-Instruct-2507,external_random_delta_2,285,1.3966831487216962
Qwen3-4B-Instruct-2507,external_random_delta_4,60,1.0859567793688167
Qwen3-4B-Instruct-2507,external_random_delta_4,61,1.0749993091522516
Qwen3-4B-Instruct-2507,external_random_delta_4,62,1.0469711838539424
Qwen3-4B-Instruct-2507,external_random_delta_4,63,1.102785081063875
Qwen3-4B-Instruct-2507,external_random_delta_4,64,1.090501024537569
Qwen3-4B-Instruct-2507,external_random_delta_4,65,1.1020556875691896
Qwen3-4B-Instruct-2507,external_random_delta_4,66,1.0878187129546812
Qwen3-4B-Instruct-2507,external_random_delta_4,67,1.1418991541868857
Qwen3-4B-Instruct-2507,external_random_delta_4,68,1.1670635129796783
Qwen3-4B-Instruct-2507,external_random_delta_4,69,1.159631787795966
Qwen3-4B-Instruct-2507,external_random_delta_4,70,1.1675986337558277
Qwen3-4B-Instruct-2507,external_random_delta_4,71,1.202209782028435
Qwen3-4B-Instruct-2507,external_random_delta_4,72,1.2134485624424156
Qwen3-4B-Instruct-2507,external_random_delta_4,73,1.2140447066562718
Qwen3-4B-Instruct-2507,external_random_delta_4,74,1.2138337716110754
Qwen3-4B-Instruct-2507,external_random_delta_4,75,1.2126348337488324
Qwen3-4B-Instruct-2507,external_random_delta_4,76,1.2175404150425762
Qwen3-4B-Instruct-2507,external_random_delta_4,77,1.2261927319371506
Qwen3-4B-Instruct-2507,external_random_delta_4,78,1.2260051466498834
Qwen3-4B-Instruct-2507,external_random_delta_4,79,1.251332431377171
Qwen3-4B-Instruct-2507,external_random_delta_4,80,1.2541978685060207
Qwen3-4B-Instruct-2507,external_random_delta_4,81,1.2599216868370315
Qwen3-4B-Instruct-2507,external_random_delta_4,82,1.2657319364093393
Qwen3-4B-Instruct-2507,external_random_delta_4,83,1.2823084711301516
Qwen3-4B-Instruct-2507,external_random_delta_4,84,1.2881002500741223
Qwen3-4B-Instruct-2507,external_random_delta_4,85,1.3011918479357607
Qwen3-4B-Instruct-2507,external_random_delta_4,86,1.3089009815528787
Qwen3-4B-Instruct-2507,external_random_delta_4,87,1.313285472367547
Qwen3-4B-Instruct-2507,external_random_delta_4,88,1.3200445926344082
Qwen3-4B-Instruct-2507,external_random_delta_4,89,1.3250323757743525
Qwen3-4B-Instruct-2507,external_random_delta_4,90,1.3329201338579557
Qwen3-4B-Instruct-2507,external_random_delta_4,91,1.3372717065130606
Qwen3-4B-Instruct-2507,external_random_delta_4,92,1.3410167553895171
Qwen3-4B-Instruct-2507,external_random_delta_4,93,1.3472612833139632
Qwen3-4B-Instruct-2507,external_random_delta_4,94,1.3504289740816289
Qwen3-4B-Instruct-2507,external_random_delta_4,95,1.352836411563755
Qwen3-4B-Instruct-2507,external_random_delta_4,96,1.3548202880739373
Qwen3-4B-Instruct-2507,external_random_delta_4,97,1.3569375777806596
Qwen3-4B-Instruct-2507,external_random_delta_4,98,1.3609102600701868
Qwen3-4B-Instruct-2507,external_random_delta_4,99,1.3635887288424595
Qwen3-4B-Instruct-2507,external_random_delta_4,100,1.3667012515157722
Qwen3-4B-Instruct-2507,external_random_delta_4,101,1.3682484367423153
Qwen3-4B-Instruct-2507,external_random_delta_4,102,1.3682285138679275
Qwen3-4B-Instruct-2507,external_random_delta_4,103,1.3700655297284405
Qwen3-4B-Instruct-2507,external_random_delta_4,104,1.3709932676076981
Qwen3-4B-Instruct-2507,external_random_delta_4,105,1.3704445585892422
Qwen3-4B-Instruct-2507,external_random_delta_4,106,1.3696537499695287
Qwen3-4B-Instruct-2507,external_random_delta_4,107,1.3685230412718175
Qwen3-4B-Instruct-2507,external_random_delta_4,108,1.3666840565942382
Qwen3-4B-Instruct-2507,external_random_delta_4,109,1.3653603889852701
Qwen3-4B-Instruct-2507,external_random_delta_4,110,1.363448732116785
Qwen3-4B-Instruct-2507,external_random_delta_4,111,1.3610654131864948
Qwen3-4B-Instruct-2507,external_random_delta_4,112,1.3593243332007539
Qwen3-4B-Instruct-2507,external_random_delta_4,113,1.3574479469474243
Qwen3-4B-Instruct-2507,external_random_delta_4,114,1.3550961789696268
Qwen3-4B-Instruct-2507,external_random_delta_4,115,1.3536789138879706
Qwen3-4B-Instruct-2507,external_random_delta_4,116,1.3520412457425148
Qwen3-4B-Instruct-2507,external_random_delta_4,117,1.3502420410925282
Qwen3-4B-Instruct-2507,external_random_delta_4,118,1.349241231166149
Qwen3-4B-Instruct-2507,external_random_delta_4,119,1.348724092429139
Qwen3-4B-Instruct-2507,external_random_delta_4,120,1.3466869671732746
Qwen3-4B-Instruct-2507,external_random_delta_4,121,1.3460507828242954
Qwen3-4B-Instruct-2507,external_random_delta_4,122,1.3453273024583388
Qwen3-4B-Instruct-2507,external_random_delta_4,123,1.3445799699718977
Qwen3-4B-Instruct-2507,external_random_delta_4,124,1.3431006106209507
Qwen3-4B-Instruct-2507,external_random_delta_4,125,1.3423882748980636
Qwen3-4B-Instruct-2507,external_random_delta_4,126,1.341326610310422
Qwen3-4B-Instruct-2507,external_random_delta_4,127,1.3409802631467582
Qwen3-4B-Instruct-2507,external_random_delta_4,128,1.3407054977879758
Qwen3-4B-Instruct-2507,external_random_delta_4,129,1.3394066652345327
Qwen3-4B-Instruct-2507,external_random_delta_4,130,1.3389323665358046
Qwen3-4B-Instruct-2507,external_random_delta_4,131,1.338089709660255
Qwen3-4B-Instruct-2507,external_random_delta_4,132,1.3373603068503188
Qwen3-4B-Instruct-2507,external_random_delta_4,133,1.3368030445024102
Qwen3-4B-Instruct-2507,external_random_delta_4,134,1.3366511327630568
Qwen3-4B-Instruct-2507,external_random_delta_4,135,1.3355626718629403
Qwen3-4B-Instruct-2507,external_random_delta_4,136,1.3351190075313653
Qwen3-4B-Instruct-2507,external_random_delta_4,137,1.3345044284926713
Qwen3-4B-Instruct-2507,external_random_delta_4,138,1.334228652740037
Qwen3-4B-Instruct-2507,external_random_delta_4,139,1.333733507154654
Qwen3-4B-Instruct-2507,external_random_delta_4,140,1.3329884733472768
Qwen3-4B-Instruct-2507,external_random_delta_4,141,1.3327334188560935
Qwen3-4B-Instruct-2507,external_random_delta_4,142,1.3319020845549596
Qwen3-4B-Instruct-2507,external_random_delta_4,143,1.3316442424722568
Qwen3-4B-Instruct-2507,external_random_delta_4,144,1.3315975678828118
Qwen3-4B-Instruct-2507,external_random_delta_4,145,1.3316286214915236
Qwen3-4B-Instruct-2507,external_random_delta_4,146,1.3309130706414558
Qwen3-4B-Instruct-2507,external_random_delta_4,147,1.3310225631916155
Qwen3-4B-Instruct-2507,external_random_delta_4,148,1.3307106293098676
Qwen3-4B-Instruct-2507,external_random_delta_4,149,1.330544692120721
Qwen3-4B-Instruct-2507,external_random_delta_4,150,1.329794915765577
Qwen3-4B-Instruct-2507,external_random_delta_4,151,1.3296263901986547
Qwen3-4B-Instruct-2507,external_random_delta_4,152,1.3298000285071736
Qwen3-4B-Instruct-2507,external_random_delta_4,153,1.3292269688135785
Qwen3-4B-Instruct-2507,external_random_delta_4,154,1.3294435611086566
Qwen3-4B-Instruct-2507,external_random_delta_4,155,1.3295562809071957
Qwen3-4B-Instruct-2507,external_random_delta_4,156,1.3290991527564615
Qwen3-4B-Instruct-2507,external_random_delta_4,157,1.3286333641716315
Qwen3-4B-Instruct-2507,external_random_delta_4,158,1.3285309128426022
Qwen3-4B-Instruct-2507,external_random_delta_4,159,1.3288570821266381
Qwen3-4B-Instruct-2507,external_random_delta_4,160,1.3283434653174349
Qwen3-4B-Instruct-2507,external_random_delta_4,161,1.3281221681492805
Qwen3-4B-Instruct-2507,external_random_delta_4,162,1.3277974939790558
Qwen3-4B-Instruct-2507,external_random_delta_4,163,1.3282541023517815
Qwen3-4B-Instruct-2507,external_random_delta_4,164,1.3288282456638605
Qwen3-4B-Instruct-2507,external_random_delta_4,165,1.3288219086620672
Qwen3-4B-Instruct-2507,external_random_delta_4,166,1.3292078033557775
Qwen3-4B-Instruct-2507,external_random_delta_4,167,1.3293822662804209
Qwen3-4B-Instruct-2507,external_random_delta_4,168,1.3298820236022704
Qwen3-4B-Instruct-2507,external_random_delta_4,169,1.3303998256046354
Qwen3-4B-Instruct-2507,external_random_delta_4,170,1.3311203791685888
Qwen3-4B-Instruct-2507,external_random_delta_4,171,1.3320417295200144
Qwen3-4B-Instruct-2507,external_random_delta_4,172,1.3326458312209077
Qwen3-4B-Instruct-2507,external_random_delta_4,173,1.3339670108326798
Qwen3-4B-Instruct-2507,external_random_delta_4,174,1.3348725812536861
Qwen3-4B-Instruct-2507,external_random_delta_4,175,1.3354157980143713
Qwen3-4B-Instruct-2507,external_random_delta_4,176,1.3363128387193215
Qwen3-4B-Instruct-2507,external_random_delta_4,177,1.3367120878313028
Qwen3-4B-Instruct-2507,external_random_delta_4,178,1.3378650710455866
Qwen3-4B-Instruct-2507,external_random_delta_4,179,1.3386486334888266
Qwen3-4B-Instruct-2507,external_random_delta_4,180,1.3395152381382556
Qwen3-4B-Instruct-2507,external_random_delta_4,181,1.3407032624963713
Qwen3-4B-Instruct-2507,external_random_delta_4,182,1.341398698742893
Qwen3-4B-Instruct-2507,external_random_delta_4,183,1.3419794223233585
Qwen3-4B-Instruct-2507,external_random_delta_4,184,1.3426481103858372
Qwen3-4B-Instruct-2507,external_random_delta_4,185,1.3434702295138607
Qwen3-4B-Instruct-2507,external_random_delta_4,186,1.3442309188438597
Qwen3-4B-Instruct-2507,external_random_delta_4,187,1.344558442169564
Qwen3-4B-Instruct-2507,external_random_delta_4,188,1.3450630881808432
Qwen3-4B-Instruct-2507,external_random_delta_4,189,1.3453222218729333
Qwen3-4B-Instruct-2507,external_random_delta_4,190,1.345987479683785
Qwen3-4B-Instruct-2507,external_random_delta_4,191,1.3467105228650242
Qwen3-4B-Instruct-2507,external_random_delta_4,192,1.3473177081798635
Qwen3-4B-Instruct-2507,external_random_delta_4,193,1.3478753613274694
Qwen3-4B-Instruct-2507,external_random_delta_4,194,1.3483796842451166
Qwen3-4B-Instruct-2507,external_random_delta_4,195,1.3490451183046328
Qwen3-4B-Instruct-2507,external_random_delta_4,196,1.349421921502212
Qwen3-4B-Instruct-2507,external_random_delta_4,197,1.3501573485682323
Qwen3-4B-Instruct-2507,external_random_delta_4,198,1.350346336863856
Qwen3-4B-Instruct-2507,external_random_delta_4,199,1.3508651285430404
Qwen3-4B-Instruct-2507,external_random_delta_4,200,1.3516376647298105
Qwen3-4B-Instruct-2507,external_random_delta_4,201,1.351697197266037
Qwen3-4B-Instruct-2507,external_random_delta_4,202,1.3523003109124532
Qwen3-4B-Instruct-2507,external_random_delta_4,203,1.3526562210298958
Qwen3-4B-Instruct-2507,external_random_delta_4,204,1.3530975361308122
Qwen3-4B-Instruct-2507,external_random_delta_4,205,1.3535610494455679
Qwen3-4B-Instruct-2507,external_random_delta_4,206,1.3541405858008058
Qwen3-4B-Instruct-2507,external_random_delta_4,207,1.3545675487602775
Qwen3-4B-Instruct-2507,external_random_delta_4,208,1.3553335570405305
Qwen3-4B-Instruct-2507,external_random_delta_4,209,1.355842850608725
Qwen3-4B-Instruct-2507,external_random_delta_4,210,1.3566168919081665
Qwen3-4B-Instruct-2507,external_random_delta_4,211,1.3569696929593031
Qwen3-4B-Instruct-2507,external_random_delta_4,212,1.3573396364937484
Qwen3-4B-Instruct-2507,external_random_delta_4,213,1.358157705530443
Qwen3-4B-Instruct-2507,external_random_delta_4,214,1.358447695180255
Qwen3-4B-Instruct-2507,external_random_delta_4,215,1.3586902080727188
Qwen3-4B-Instruct-2507,external_random_delta_4,216,1.35913878142735
Qwen3-4B-Instruct-2507,external_random_delta_4,217,1.3603111616125887
Qwen3-4B-Instruct-2507,external_random_delta_4,218,1.3604975133352384
Qwen3-4B-Instruct-2507,external_random_delta_4,219,1.3610591172212614
Qwen3-4B-Instruct-2507,external_random_delta_4,220,1.3615806388581375
Qwen3-4B-Instruct-2507,external_random_delta_4,221,1.3624917373279373
Qwen3-4B-Instruct-2507,external_random_delta_4,222,1.363095622309317
Qwen3-4B-Instruct-2507,external_random_delta_4,223,1.364015435341337
Qwen3-4B-Instruct-2507,external_random_delta_4,224,1.3650635619640001
Qwen3-4B-Instruct-2507,external_random_delta_4,225,1.3660351990030832
Qwen3-4B-Instruct-2507,external_random_delta_4,226,1.3669264342493108
Qwen3-4B-Instruct-2507,external_random_delta_4,227,1.3676553353761915
Qwen3-4B-Instruct-2507,external_random_delta_4,228,1.3685518797402447
Qwen3-4B-Instruct-2507,external_random_delta_4,229,1.3693524241491066
Qwen3-4B-Instruct-2507,external_random_delta_4,230,1.370213572658521
Qwen3-4B-Instruct-2507,external_random_delta_4,231,1.3708871204252142
Qwen3-4B-Instruct-2507,external_random_delta_4,232,1.3713636224652883
Qwen3-4B-Instruct-2507,external_random_delta_4,233,1.3725168261677902
Qwen3-4B-Instruct-2507,external_random_delta_4,234,1.3735963084991254
Qwen3-4B-Instruct-2507,external_random_delta_4,235,1.3736756217133332
Qwen3-4B-Instruct-2507,external_random_delta_4,236,1.3746601449810005
Qwen3-4B-Instruct-2507,external_random_delta_4,237,1.3753905239088275
Qwen3-4B-Instruct-2507,external_random_delta_4,238,1.3760589215653483
Qwen3-4B-Instruct-2507,external_random_delta_4,239,1.377239611206766
Qwen3-4B-Instruct-2507,external_random_delta_4,240,1.3780675823146042
Qwen3-4B-Instruct-2507,external_random_delta_4,241,1.3789859703516578
Qwen3-4B-Instruct-2507,external_random_delta_4,242,1.3799220758574307
Qwen3-4B-Instruct-2507,external_random_delta_4,243,1.3806823578273957
Qwen3-4B-Instruct-2507,external_random_delta_4,244,1.3817211167199894
Qwen3-4B-Instruct-2507,external_random_delta_4,245,1.3822270733985758
Qwen3-4B-Instruct-2507,external_random_delta_4,246,1.3827118550455304
Qwen3-4B-Instruct-2507,external_random_delta_4,247,1.3830269468192287
Qwen3-4B-Instruct-2507,external_random_delta_4,248,1.3830543560044666
Qwen3-4B-Instruct-2507,external_random_delta_4,249,1.383336485934015
Qwen3-4B-Instruct-2507,external_random_delta_4,250,1.3842190348619976
Qwen3-4B-Instruct-2507,external_random_delta_4,251,1.3844534798339794
Qwen3-4B-Instruct-2507,external_random_delta_4,252,1.3854767471252432
Qwen3-4B-Instruct-2507,external_random_delta_4,253,1.3863295826973494
Qwen3-4B-Instruct-2507,external_random_delta_4,254,1.386492681618178
Qwen3-4B-Instruct-2507,external_random_delta_4,255,1.3871060647444595
Qwen3-4B-Instruct-2507,external_random_delta_4,256,1.3882262188629562
Qwen3-4B-Instruct-2507,external_random_delta_4,257,1.391250273272383
Qwen3-4B-Instruct-2507,external_random_delta_4,258,1.3918495616374933
Qwen3-4B-Instruct-2507,external_random_delta_4,259,1.3924812326753766
Qwen3-4B-Instruct-2507,external_random_delta_4,260,1.3929099618189047
Qwen3-4B-Instruct-2507,external_random_delta_4,261,1.3929834249601845
Qwen3-4B-Instruct-2507,external_random_delta_4,262,1.393432056170617
Qwen3-4B-Instruct-2507,external_random_delta_4,263,1.3938043294353637
Qwen3-4B-Instruct-2507,external_random_delta_4,264,1.3942077998464202
Qwen3-4B-Instruct-2507,external_random_delta_4,265,1.3948057366184043
Qwen3-4B-Instruct-2507,external_random_delta_4,266,1.395514593540064
Qwen3-4B-Instruct-2507,external_random_delta_4,267,1.3960140974257798
Qwen3-4B-Instruct-2507,external_random_delta_4,268,1.3963927950104447
Qwen3-4B-Instruct-2507,external_random_delta_4,269,1.3967180082861197
Qwen3-4B-Instruct-2507,external_random_delta_4,270,1.3975206724145444
Qwen3-4B-Instruct-2507,external_random_delta_4,271,1.3974968069461269
Qwen3-4B-Instruct-2507,external_random_delta_4,272,1.4006967675145203
Qwen3-4B-Instruct-2507,external_random_delta_4,273,1.401174353513031
Qwen3-4B-Instruct-2507,external_random_delta_4,274,1.4014972724020742
Qwen3-4B-Instruct-2507,external_random_delta_4,275,1.4019040989092895
Qwen3-4B-Instruct-2507,external_random_delta_4,276,1.4023250231666795
Qwen3-4B-Instruct-2507,external_random_delta_4,277,1.4031586024619243
Qwen3-4B-Instruct-2507,external_random_delta_4,278,1.4040349676365436
Qwen3-4B-Instruct-2507,external_random_delta_4,279,1.4046855028465761
Qwen3-4B-Instruct-2507,external_random_delta_4,280,1.4055915415795623
Qwen3-4B-Instruct-2507,external_random_delta_4,281,1.4085018085290846
Qwen3-4B-Instruct-2507,external_random_delta_4,282,1.4092616134370681
Qwen3-4B-Instruct-2507,external_random_delta_4,283,1.4094383224419866
Qwen3-4B-Instruct-2507,external_random_delta_4,284,1.4101015294349921
Qwen3-4B-Instruct-2507,external_random_delta_4,285,1.4103172337355625
Qwen3-4B-Instruct-2507,external_random_delta_4,286,1.4108127090246043
Qwen3-4B-Instruct-2507,external_random_delta_4,287,1.4112802763722987
Qwen3-4B-Instruct-2507,external_random_delta_4,288,1.4119086178558617
Qwen3-4B-Instruct-2507,external_random_delta_4,289,1.4125840085109296
Qwen3-4B-Instruct-2507,external_random_delta_4,290,1.4144841391879868
Qwen3-4B-Instruct-2507,external_random_delta_4,291,1.4147831933495654
Qwen3-4B-Instruct-2507,external_random_delta_4,292,1.4151201535569802
Qwen3-4B-Instruct-2507,external_random_delta_4,293,1.4160380545902314
Qwen3-4B-Instruct-2507,external_random_delta_4,294,1.4166654849494127
Qwen3-4B-Instruct-2507,external_random_delta_4,295,1.4168354934475897
Qwen3-4B-Instruct-2507,external_random_delta_4,296,1.4171422697095166
Qwen3-4B-Instruct-2507,external_random_delta_4,297,1.417711388813121
Qwen3-4B-Instruct-2507,external_random_delta_4,298,1.4180017308744524
Qwen3-4B-Instruct-2507,external_random_delta_4,299,1.4178672921287874
Qwen3-4B-Instruct-2507,external_random_delta_4,300,1.4183308661871035
Qwen3-4B-Instruct-2507,external_random_delta_4,301,1.4186525046896794
Qwen3-4B-Instruct-2507,external_random_delta_4,302,1.4191274813601886
Qwen3-4B-Instruct-2507,external_random_delta_4,303,1.4191332978225277
Qwen3-4B-Instruct-2507,external_random_delta_4,304,1.4194060874877685
Qwen3-4B-Instruct-2507,external_random_delta_4,305,1.4199532125506118
Qwen3-4B-Instruct-2507,external_random_delta_4,306,1.4201078424014182
Qwen3-4B-Instruct-2507,external_random_delta_4,307,1.4203203343237523
Qwen3-4B-Instruct-2507,external_random_delta_4,308,1.4207234976760712
Qwen3-4B-Instruct-2507,external_random_delta_4,309,1.421282471850889
Qwen3-4B-Instruct-2507,external_random_delta_4,310,1.4211537166995414
Qwen3-4B-Instruct-2507,external_random_delta_4,311,1.4213606183181107
Qwen3-4B-Instruct-2507,external_random_delta_4,312,1.422174320851138
Qwen3-4B-Instruct-2507,external_random_delta_4,313,1.4224841816673843
Qwen3-4B-Instruct-2507,external_random_delta_4,314,1.4230892159463948
Qwen3-4B-Instruct-2507,external_random_delta_4,315,1.4232747784137263
