model,series,x,bf
OLMo-2-1124-7B-DPO,self_conditioned_baseline,0,26.967182053585258
OLMo-2-1124-7B-DPO,self_conditioned_baseline,1,24.587645208604012
OLMo-2-1124-7B-DPO,self_conditioned_baseline,2,22.726100276419903
OLMo-2-1124-7B-DPO,self_conditioned_baseline,3,20.885877187799846
OLMo-2-1124-7B-DPO,self_conditioned_baseline,4,19.52656144416073
OLMo-2-1124-7B-DPO,self_conditioned_baseline,5,18.273830409936153
OLMo-2-1124-7B-DPO,self_conditioned_baseline,6,17.25474823670478
OLMo-2-1124-7B-DPO,self_conditioned_baseline,7,16.32448756536603
OLMo-2-1124-7B-DPO,self_conditioned_baseline,8,15.545582822983512
OLMo-2-1124-7B-DPO,self_conditioned_baseline,9,14.772735129578777
OLMo-2-1124-7B-DPO,self_conditioned_baseline,10,14.068153437935466
OLMo-2-1124-7B-DPO,self_conditioned_baseline,11,13.461910725992652
OLMo-2-1124-7B-DPO,self_conditioned_baseline,12,12.8964150279959
OLMo-2-1124-7B-DPO,self_conditioned_baseline,13,12.395097673977991
OLMo-2-1124-7B-DPO,self_conditioned_baseline,14,11.936021905710803
OLMo-2-1124-7B-DPO,self_conditioned_baseline,15,11.520616984927049
OLMo-2-1124-7B-DPO,self_conditioned_baseline,16,11.10230894434952
OLMo-2-1124-7B-DPO,self_conditioned_baseline,17,10.756535115259801
OLMo-2-1124-7B-DPO,self_conditioned_baseline,18,10.447962154304768
OLMo-2-1124-7B-DPO,self_conditioned_baseline,19,10.146636925274453
OLMo-2-1124-7B-DPO,self_conditioned_baseline,20,9.850719113127528
OLMo-2-1124-7B-DPO,self_conditioned_baseline,21,9.58859648510543
OLMo-2-1124-7B-DPO,self_conditioned_baseline,22,9.32234736210555
OLMo-2-1124-7B-DPO,self_conditioned_baseline,23,9.094214705068953
OLMo-2-1124-7B-DPO,self_conditioned_baseline,24,8.871562441945382
OLMo-2-1124-7B-DPO,self_conditioned_baseline,25,8.64647393630765
OLMo-2-1124-7B-DPO,self_conditioned_baseline,26,8.442955594382564
OLMo-2-1124-7B-DPO,self_conditioned_baseline,27,8.26299191636525
OLMo-2-1124-7B-DPO,self_conditioned_baseline,28,8.082954198235484
OLMo-2-1124-7B-DPO,self_conditioned_baseline,29,7.918743196297774
OLMo-2-1124-7B-DPO,self_conditioned_baseline,30,7.744575293997606
OLMo-2-1124-7B-DPO,self_conditioned_baseline,31,7.58337644656356
OLMo-2-1124-7B-DPO,self_conditioned_baseline,32,7.442374178747545
OLMo-2-1124-7B-DPO,self_conditioned_baseline,33,7.303731255476497
OLMo-2-1124-7B-DPO,self_conditioned_baseline,34,7.163688183699276
OLMo-2-1124-7B-DPO,self_conditioned_baseline,35,7.029174206390013
OLMo-2-1124-7B-DPO,self_conditioned_baseline,36,6.905575140923007
OLMo-2-1124-7B-DPO,self_conditioned_baseline,37,6.785259646505241
OLMo-2-1124-7B-DPO,self_conditioned_baseline,38,6.665289566055534
OLMo-2-1124-7B-DPO,self_conditioned_baseline,39,6.554804771798752
OLMo-2-1124-7B-DPO,self_conditioned_baseline,40,6.450426890564586
OLMo-2-1124-7B-DPO,self_conditioned_baseline,41,6.348625317757848
OLMo-2-1124-7B-DPO,self_conditioned_baseline,42,6.2504525395093165
OLMo-2-1124-7B-DPO,self_conditioned_baseline,43,6.157113365056586
OLMo-2-1124-7B-DPO,self_conditioned_baseline,44,6.067029184269647
OLMo-2-1124-7B-DPO,self_conditioned_baseline,45,5.981841770118788
OLMo-2-1124-7B-DPO,self_conditioned_baseline,46,5.898631031018053
OLMo-2-1124-7B-DPO,self_conditioned_baseline,47,5.821108859878117
OLMo-2-1124-7B-DPO,self_conditioned_baseline,48,5.745564916156467
OLMo-2-1124-7B-DPO,self_conditioned_baseline,49,5.675660415118998
OLMo-2-1124-7B-DPO,self_conditioned_baseline,50,5.607091878936516
OLMo-2-1124-7B-DPO,self_conditioned_baseline,51,5.542238595887303
OLMo-2-1124-7B-DPO,self_conditioned_baseline,52,5.48006600562691
OLMo-2-1124-7B-DPO,self_conditioned_baseline,53,5.418781536584386
OLMo-2-1124-7B-DPO,self_conditioned_baseline,54,5.357457464683558
OLMo-2-1124-7B-DPO,self_conditioned_baseline,55,5.2991652548936
OLMo-2-1124-7B-DPO,self_conditioned_baseline,56,5.242582042320026
OLMo-2-1124-7B-DPO,self_conditioned_baseline,57,5.190479016072677
OLMo-2-1124-7B-DPO,self_conditioned_baseline,58,5.135178736353062
OLMo-2-1124-7B-DPO,self_conditioned_baseline,59,5.0835254917776025
OLMo-2-1124-7B-DPO,self_conditioned_baseline,60,5.033734801375493
OLMo-2-1124-7B-DPO,self_conditioned_baseline,61,4.983453384986584
OLMo-2-1124-7B-DPO,self_conditioned_baseline,62,4.937239879009211
OLMo-2-1124-7B-DPO,self_conditioned_baseline,63,4.890074663448578
OLMo-2-1124-7B-DPO,self_conditioned_baseline,64,4.844838672934817
OLMo-2-1124-7B-DPO,self_conditioned_baseline,65,4.802579398075424
OLMo-2-1124-7B-DPO,self_conditioned_baseline,66,4.759155616297015
OLMo-2-1124-7B-DPO,self_conditioned_baseline,67,4.718247596253444
OLMo-2-1124-7B-DPO,self_conditioned_baseline,68,4.678143708830581
OLMo-2-1124-7B-DPO,self_conditioned_baseline,69,4.638263671203507
OLMo-2-1124-7B-DPO,self_conditioned_baseline,70,4.599254213939589
OLMo-2-1124-7B-DPO,self_conditioned_baseline,71,4.564100181863485
OLMo-2-1124-7B-DPO,self_conditioned_baseline,72,4.5300448308936865
OLMo-2-1124-7B-DPO,self_conditioned_baseline,73,4.4948561539589615
OLMo-2-1124-7B-DPO,self_conditioned_baseline,74,4.463324465127053
OLMo-2-1124-7B-DPO,self_conditioned_baseline,75,4.429012661405773
OLMo-2-1124-7B-DPO,self_conditioned_baseline,76,4.395583155144655
OLMo-2-1124-7B-DPO,self_conditioned_baseline,77,4.364576093278238
OLMo-2-1124-7B-DPO,self_conditioned_baseline,78,4.331919963618122
OLMo-2-1124-7B-DPO,self_conditioned_baseline,79,4.300839522530217
OLMo-2-1124-7B-DPO,self_conditioned_baseline,80,4.269736765839826
OLMo-2-1124-7B-DPO,self_conditioned_baseline,81,4.2400778495514375
OLMo-2-1124-7B-DPO,self_conditioned_baseline,82,4.2125063857709595
OLMo-2-1124-7B-DPO,self_conditioned_baseline,83,4.184074338168848
OLMo-2-1124-7B-DPO,self_conditioned_baseline,84,4.156565180635757
OLMo-2-1124-7B-DPO,self_conditioned_baseline,85,4.128866098711885
OLMo-2-1124-7B-DPO,self_conditioned_baseline,86,4.103853860017872
OLMo-2-1124-7B-DPO,self_conditioned_baseline,87,4.077634133810568
OLMo-2-1124-7B-DPO,self_conditioned_baseline,88,4.053172482164629
OLMo-2-1124-7B-DPO,self_conditioned_baseline,89,4.030120707650598
OLMo-2-1124-7B-DPO,self_conditioned_baseline,90,4.007050522311652
OLMo-2-1124-7B-DPO,self_conditioned_baseline,91,3.983493646308217
OLMo-2-1124-7B-DPO,self_conditioned_baseline,92,3.961600211127049
OLMo-2-1124-7B-DPO,self_conditioned_baseline,93,3.939913071437346
OLMo-2-1124-7B-DPO,self_conditioned_baseline,94,3.9191342040245405
OLMo-2-1124-7B-DPO,self_conditioned_baseline,95,3.898101099845772
OLMo-2-1124-7B-DPO,self_conditioned_baseline,96,3.877498390174567
OLMo-2-1124-7B-DPO,self_conditioned_baseline,97,3.8565259996723507
OLMo-2-1124-7B-DPO,self_conditioned_baseline,98,3.8378188656255423
OLMo-2-1124-7B-DPO,self_conditioned_baseline,99,3.8188910091311232
OLMo-2-1124-7B-DPO,self_conditioned_baseline,100,3.8018719748142575
OLMo-2-1124-7B-DPO,self_conditioned_baseline,101,3.7830761603504635
OLMo-2-1124-7B-DPO,self_conditioned_baseline,102,3.766214440933032
OLMo-2-1124-7B-DPO,self_conditioned_baseline,103,3.7496349598063996
OLMo-2-1124-7B-DPO,self_conditioned_baseline,104,3.732478570155011
OLMo-2-1124-7B-DPO,self_conditioned_baseline,105,3.7150833125109815
OLMo-2-1124-7B-DPO,self_conditioned_baseline,106,3.6970058173500933
OLMo-2-1124-7B-DPO,self_conditioned_baseline,107,3.678716376625387
OLMo-2-1124-7B-DPO,self_conditioned_baseline,108,3.661432107635012
OLMo-2-1124-7B-DPO,self_conditioned_baseline,109,3.645139141370495
OLMo-2-1124-7B-DPO,self_conditioned_baseline,110,3.6278102758708815
OLMo-2-1124-7B-DPO,self_conditioned_baseline,111,3.612181042206057
OLMo-2-1124-7B-DPO,self_conditioned_baseline,112,3.596161966184383
OLMo-2-1124-7B-DPO,self_conditioned_baseline,113,3.5797335875351672
OLMo-2-1124-7B-DPO,self_conditioned_baseline,114,3.5630448070091685
OLMo-2-1124-7B-DPO,self_conditioned_baseline,115,3.5478107302528157
OLMo-2-1124-7B-DPO,self_conditioned_baseline,116,3.533047873290274
OLMo-2-1124-7B-DPO,self_conditioned_baseline,117,3.5175398880989697
OLMo-2-1124-7B-DPO,self_conditioned_baseline,118,3.5032412006666522
OLMo-2-1124-7B-DPO,self_conditioned_baseline,119,3.4888793872025503
OLMo-2-1124-7B-DPO,self_conditioned_baseline,120,3.474128084473232
OLMo-2-1124-7B-DPO,self_conditioned_baseline,121,3.4602195686794603
OLMo-2-1124-7B-DPO,self_conditioned_baseline,122,3.446642328466095
OLMo-2-1124-7B-DPO,self_conditioned_baseline,123,3.432761402235378
OLMo-2-1124-7B-DPO,self_conditioned_baseline,124,3.4198108483327423
OLMo-2-1124-7B-DPO,self_conditioned_baseline,125,3.4082162015942696
OLMo-2-1124-7B-DPO,self_conditioned_baseline,126,3.3966175608819484
OLMo-2-1124-7B-DPO,self_conditioned_baseline,127,3.385358701972028
OLMo-2-1124-7B-DPO,self_conditioned_baseline,128,3.3727579443923776
OLMo-2-1124-7B-DPO,self_conditioned_baseline,129,3.361453030308004
OLMo-2-1124-7B-DPO,self_conditioned_baseline,130,3.3496132840028094
OLMo-2-1124-7B-DPO,self_conditioned_baseline,131,3.3379322969439396
OLMo-2-1124-7B-DPO,self_conditioned_baseline,132,3.3265663866946
OLMo-2-1124-7B-DPO,self_conditioned_baseline,133,3.3148130758382233
OLMo-2-1124-7B-DPO,self_conditioned_baseline,134,3.303323157174567
OLMo-2-1124-7B-DPO,self_conditioned_baseline,135,3.2919526193070627
OLMo-2-1124-7B-DPO,self_conditioned_baseline,136,3.279822114575899
OLMo-2-1124-7B-DPO,self_conditioned_baseline,137,3.2692406933292983
OLMo-2-1124-7B-DPO,self_conditioned_baseline,138,3.258473647133785
OLMo-2-1124-7B-DPO,self_conditioned_baseline,139,3.24797760934643
OLMo-2-1124-7B-DPO,self_conditioned_baseline,140,3.2383649576664175
OLMo-2-1124-7B-DPO,self_conditioned_baseline,141,3.2283593509603765
OLMo-2-1124-7B-DPO,self_conditioned_baseline,142,3.2183284475775222
OLMo-2-1124-7B-DPO,self_conditioned_baseline,143,3.20913053609065
OLMo-2-1124-7B-DPO,self_conditioned_baseline,144,3.20005933601436
OLMo-2-1124-7B-DPO,self_conditioned_baseline,145,3.190921206544213
OLMo-2-1124-7B-DPO,self_conditioned_baseline,146,3.1821245231314172
OLMo-2-1124-7B-DPO,self_conditioned_baseline,147,3.1723959374929347
OLMo-2-1124-7B-DPO,self_conditioned_baseline,148,3.162991696019585
OLMo-2-1124-7B-DPO,self_conditioned_baseline,149,3.1540101638826785
OLMo-2-1124-7B-DPO,self_conditioned_baseline,150,3.14512776401401
OLMo-2-1124-7B-DPO,self_conditioned_baseline,151,3.1358467082726746
OLMo-2-1124-7B-DPO,self_conditioned_baseline,152,3.127952424080904
OLMo-2-1124-7B-DPO,self_conditioned_baseline,153,3.1200062144140492
OLMo-2-1124-7B-DPO,self_conditioned_baseline,154,3.11151226807548
OLMo-2-1124-7B-DPO,self_conditioned_baseline,155,3.1035319509422696
OLMo-2-1124-7B-DPO,self_conditioned_baseline,156,3.095820014265418
OLMo-2-1124-7B-DPO,self_conditioned_baseline,157,3.0879777833566964
OLMo-2-1124-7B-DPO,self_conditioned_baseline,158,3.079713784829153
OLMo-2-1124-7B-DPO,self_conditioned_baseline,159,3.071557735334226
OLMo-2-1124-7B-DPO,self_conditioned_baseline,160,3.063828180496915
OLMo-2-1124-7B-DPO,self_conditioned_baseline,161,3.056346138286606
OLMo-2-1124-7B-DPO,self_conditioned_baseline,162,3.048107642263234
OLMo-2-1124-7B-DPO,self_conditioned_baseline,163,3.0398389076649464
OLMo-2-1124-7B-DPO,self_conditioned_baseline,164,3.032226229323067
OLMo-2-1124-7B-DPO,self_conditioned_baseline,165,3.02466953563207
OLMo-2-1124-7B-DPO,self_conditioned_baseline,166,3.017234408938322
OLMo-2-1124-7B-DPO,self_conditioned_baseline,167,3.010877377116726
OLMo-2-1124-7B-DPO,self_conditioned_baseline,168,3.0039751307589455
OLMo-2-1124-7B-DPO,self_conditioned_baseline,169,2.996925158209468
OLMo-2-1124-7B-DPO,self_conditioned_baseline,170,2.9891910016479013
OLMo-2-1124-7B-DPO,self_conditioned_baseline,171,2.9822100476161983
OLMo-2-1124-7B-DPO,self_conditioned_baseline,172,2.974675711266865
OLMo-2-1124-7B-DPO,self_conditioned_baseline,173,2.9682530289731996
OLMo-2-1124-7B-DPO,self_conditioned_baseline,174,2.9615149200097357
OLMo-2-1124-7B-DPO,self_conditioned_baseline,175,2.9544322768372577
OLMo-2-1124-7B-DPO,self_conditioned_baseline,176,2.9479266479425816
OLMo-2-1124-7B-DPO,self_conditioned_baseline,177,2.940376636691125
OLMo-2-1124-7B-DPO,self_conditioned_baseline,178,2.933088884534265
OLMo-2-1124-7B-DPO,self_conditioned_baseline,179,2.92650420993488
OLMo-2-1124-7B-DPO,self_conditioned_baseline,180,2.920405284430722
OLMo-2-1124-7B-DPO,self_conditioned_baseline,181,2.914121457849139
OLMo-2-1124-7B-DPO,self_conditioned_baseline,182,2.9078186107775745
OLMo-2-1124-7B-DPO,self_conditioned_baseline,183,2.901390626115516
OLMo-2-1124-7B-DPO,self_conditioned_baseline,184,2.894587556901005
OLMo-2-1124-7B-DPO,self_conditioned_baseline,185,2.888190100733648
OLMo-2-1124-7B-DPO,self_conditioned_baseline,186,2.8820899492513696
OLMo-2-1124-7B-DPO,self_conditioned_baseline,187,2.87615585642121
OLMo-2-1124-7B-DPO,self_conditioned_baseline,188,2.8707656040016984
OLMo-2-1124-7B-DPO,self_conditioned_baseline,189,2.8650165991856595
OLMo-2-1124-7B-DPO,self_conditioned_baseline,190,2.8594474222228383
OLMo-2-1124-7B-DPO,self_conditioned_baseline,191,2.853040091902108
OLMo-2-1124-7B-DPO,self_conditioned_baseline,192,2.8475175006336797
OLMo-2-1124-7B-DPO,self_conditioned_baseline,193,2.8415422798850445
OLMo-2-1124-7B-DPO,self_conditioned_baseline,194,2.8364482508660687
OLMo-2-1124-7B-DPO,self_conditioned_baseline,195,2.8315282292798214
OLMo-2-1124-7B-DPO,self_conditioned_baseline,196,2.8261548023972547
OLMo-2-1124-7B-DPO,self_conditioned_baseline,197,2.8205115269314884
OLMo-2-1124-7B-DPO,self_conditioned_baseline,198,2.815439106696957
OLMo-2-1124-7B-DPO,self_conditioned_baseline,199,2.810604860137947
OLMo-2-1124-7B-DPO,self_conditioned_baseline,200,2.805514160287761
OLMo-2-1124-7B-DPO,self_conditioned_baseline,201,2.8000339732047066
OLMo-2-1124-7B-DPO,self_conditioned_baseline,202,2.794979550007788
OLMo-2-1124-7B-DPO,self_conditioned_baseline,203,2.7898411197423427
OLMo-2-1124-7B-DPO,self_conditioned_baseline,204,2.7844491291608744
OLMo-2-1124-7B-DPO,self_conditioned_baseline,205,2.7790267857737843
OLMo-2-1124-7B-DPO,self_conditioned_baseline,206,2.7737872166819546
OLMo-2-1124-7B-DPO,self_conditioned_baseline,207,2.7689207347768807
OLMo-2-1124-7B-DPO,self_conditioned_baseline,208,2.763800315753433
OLMo-2-1124-7B-DPO,self_conditioned_baseline,209,2.7590925233665757
OLMo-2-1124-7B-DPO,self_conditioned_baseline,210,2.753719194932502
OLMo-2-1124-7B-DPO,self_conditioned_baseline,211,2.7489020591810687
OLMo-2-1124-7B-DPO,self_conditioned_baseline,212,2.74469558974069
OLMo-2-1124-7B-DPO,self_conditioned_baseline,213,2.7395579558323426
OLMo-2-1124-7B-DPO,self_conditioned_baseline,214,2.7350758963530124
OLMo-2-1124-7B-DPO,self_conditioned_baseline,215,2.73036819553848
OLMo-2-1124-7B-DPO,self_conditioned_baseline,216,2.726035265661313
OLMo-2-1124-7B-DPO,self_conditioned_baseline,217,2.721224870393283
OLMo-2-1124-7B-DPO,self_conditioned_baseline,218,2.716712742081454
OLMo-2-1124-7B-DPO,self_conditioned_baseline,219,2.71222285733335
OLMo-2-1124-7B-DPO,self_conditioned_baseline,220,2.707735381439406
OLMo-2-1124-7B-DPO,self_conditioned_baseline,221,2.7029191016745258
OLMo-2-1124-7B-DPO,self_conditioned_baseline,222,2.698567947350546
OLMo-2-1124-7B-DPO,self_conditioned_baseline,223,2.6941915469823723
OLMo-2-1124-7B-DPO,self_conditioned_baseline,224,2.690190369929372
OLMo-2-1124-7B-DPO,self_conditioned_baseline,225,2.686177295756853
OLMo-2-1124-7B-DPO,self_conditioned_baseline,226,2.6821668915108314
OLMo-2-1124-7B-DPO,self_conditioned_baseline,227,2.678259402848663
OLMo-2-1124-7B-DPO,self_conditioned_baseline,228,2.6738782069022577
OLMo-2-1124-7B-DPO,self_conditioned_baseline,229,2.6697613723315796
OLMo-2-1124-7B-DPO,self_conditioned_baseline,230,2.665688582537768
OLMo-2-1124-7B-DPO,self_conditioned_baseline,231,2.662019986365609
OLMo-2-1124-7B-DPO,self_conditioned_baseline,232,2.6577604153269645
OLMo-2-1124-7B-DPO,self_conditioned_baseline,233,2.6543058868436185
OLMo-2-1124-7B-DPO,self_conditioned_baseline,234,2.6499307653922193
OLMo-2-1124-7B-DPO,self_conditioned_baseline,235,2.64592379883658
OLMo-2-1124-7B-DPO,self_conditioned_baseline,236,2.6417550097171074
OLMo-2-1124-7B-DPO,self_conditioned_baseline,237,2.637845275179657
OLMo-2-1124-7B-DPO,self_conditioned_baseline,238,2.6338428342194526
OLMo-2-1124-7B-DPO,self_conditioned_baseline,239,2.6300231695806517
OLMo-2-1124-7B-DPO,self_conditioned_baseline,240,2.626993409723217
OLMo-2-1124-7B-DPO,self_conditioned_baseline,241,2.62329044044889
OLMo-2-1124-7B-DPO,self_conditioned_baseline,242,2.619650115038047
OLMo-2-1124-7B-DPO,self_conditioned_baseline,243,2.616318152301852
OLMo-2-1124-7B-DPO,self_conditioned_baseline,244,2.6125666257752145
OLMo-2-1124-7B-DPO,self_conditioned_baseline,245,2.6092656339728086
OLMo-2-1124-7B-DPO,self_conditioned_baseline,246,2.60587385192625
OLMo-2-1124-7B-DPO,self_conditioned_baseline,247,2.6024216414497254
OLMo-2-1124-7B-DPO,self_conditioned_baseline,248,2.5988254099443058
OLMo-2-1124-7B-DPO,self_conditioned_baseline,249,2.595514803790287
OLMo-2-1124-7B-DPO,self_conditioned_baseline,250,2.592517321037727
OLMo-2-1124-7B-DPO,self_conditioned_baseline,251,2.588626310268997
OLMo-2-1124-7B-DPO,self_conditioned_baseline,252,2.5849956536714562
OLMo-2-1124-7B-DPO,self_conditioned_baseline,253,2.5814080557115666
OLMo-2-1124-7B-DPO,self_conditioned_baseline,254,2.5776142583143633
OLMo-2-1124-7B-DPO,self_conditioned_baseline,255,2.5741307401260087
OLMo-2-1124-7B-DPO,self_conditioned_baseline,256,2.570541516722057
OLMo-2-1124-7B-DPO,self_conditioned_baseline,257,2.5672603222549437
OLMo-2-1124-7B-DPO,self_conditioned_baseline,258,2.5642551956884727
OLMo-2-1124-7B-DPO,self_conditioned_baseline,259,2.5610068827738024
OLMo-2-1124-7B-DPO,self_conditioned_baseline,260,2.557593072909897
OLMo-2-1124-7B-DPO,self_conditioned_baseline,261,2.5545433771611106
OLMo-2-1124-7B-DPO,self_conditioned_baseline,262,2.5514095900689524
OLMo-2-1124-7B-DPO,self_conditioned_baseline,263,2.548012912584883
OLMo-2-1124-7B-DPO,self_conditioned_baseline,264,2.5450018847745755
OLMo-2-1124-7B-DPO,self_conditioned_baseline,265,2.542163630467888
OLMo-2-1124-7B-DPO,self_conditioned_baseline,266,2.5391236735948497
OLMo-2-1124-7B-DPO,self_conditioned_baseline,267,2.536006396636803
OLMo-2-1124-7B-DPO,self_conditioned_baseline,268,2.533025922710818
OLMo-2-1124-7B-DPO,self_conditioned_baseline,269,2.5302469545594395
OLMo-2-1124-7B-DPO,self_conditioned_baseline,270,2.5271948301206737
OLMo-2-1124-7B-DPO,self_conditioned_baseline,271,2.5242484736329915
OLMo-2-1124-7B-DPO,self_conditioned_baseline,272,2.521464176055638
OLMo-2-1124-7B-DPO,self_conditioned_baseline,273,2.518449001729314
OLMo-2-1124-7B-DPO,self_conditioned_baseline,274,2.5156716729490345
OLMo-2-1124-7B-DPO,self_conditioned_baseline,275,2.512837523494885
OLMo-2-1124-7B-DPO,self_conditioned_baseline,276,2.5103174972367013
OLMo-2-1124-7B-DPO,self_conditioned_baseline,277,2.5077397960108043
OLMo-2-1124-7B-DPO,self_conditioned_baseline,278,2.5047527866988726
OLMo-2-1124-7B-DPO,self_conditioned_baseline,279,2.5023090144489846
OLMo-2-1124-7B-DPO,self_conditioned_baseline,280,2.499983433902352
OLMo-2-1124-7B-DPO,self_conditioned_baseline,281,2.4974409313293866
OLMo-2-1124-7B-DPO,self_conditioned_baseline,282,2.4942525007883076
OLMo-2-1124-7B-DPO,self_conditioned_baseline,283,2.4915735846924294
OLMo-2-1124-7B-DPO,self_conditioned_baseline,284,2.489111782227177
OLMo-2-1124-7B-DPO,self_conditioned_baseline,285,2.486438647759779
OLMo-2-1124-7B-DPO,self_conditioned_baseline,286,2.4836996932067614
OLMo-2-1124-7B-DPO,self_conditioned_baseline,287,2.4807751325821035
OLMo-2-1124-7B-DPO,self_conditioned_baseline,288,2.478030960528739
OLMo-2-1124-7B-DPO,self_conditioned_baseline,289,2.4751547392328646
OLMo-2-1124-7B-DPO,self_conditioned_baseline,290,2.472597593231996
OLMo-2-1124-7B-DPO,self_conditioned_baseline,291,2.4702233640500197
OLMo-2-1124-7B-DPO,self_conditioned_baseline,292,2.467498126130846
OLMo-2-1124-7B-DPO,self_conditioned_baseline,293,2.4650228752740304
OLMo-2-1124-7B-DPO,self_conditioned_baseline,294,2.4624020616592395
OLMo-2-1124-7B-DPO,self_conditioned_baseline,295,2.459725712936254
OLMo-2-1124-7B-DPO,self_conditioned_baseline,296,2.457185869937918
OLMo-2-1124-7B-DPO,self_conditioned_baseline,297,2.4548379092679244
OLMo-2-1124-7B-DPO,self_conditioned_baseline,298,2.4525424041028003
OLMo-2-1124-7B-DPO,self_conditioned_baseline,299,2.4503026693284493
OLMo-2-1124-7B-DPO,self_conditioned_baseline,300,2.4480115217442804
OLMo-2-1124-7B-DPO,self_conditioned_baseline,301,2.4456173367368703
OLMo-2-1124-7B-DPO,self_conditioned_baseline,302,2.4435639951119446
OLMo-2-1124-7B-DPO,self_conditioned_baseline,303,2.440915658952914
OLMo-2-1124-7B-DPO,self_conditioned_baseline,304,2.4385771413067174
OLMo-2-1124-7B-DPO,self_conditioned_baseline,305,2.4362285352129107
OLMo-2-1124-7B-DPO,self_conditioned_baseline,306,2.4336585154724077
OLMo-2-1124-7B-DPO,self_conditioned_baseline,307,2.431584036140207
OLMo-2-1124-7B-DPO,self_conditioned_baseline,308,2.429221827820173
OLMo-2-1124-7B-DPO,self_conditioned_baseline,309,2.426860909433301
OLMo-2-1124-7B-DPO,self_conditioned_baseline,310,2.4249442432846866
OLMo-2-1124-7B-DPO,self_conditioned_baseline,311,2.4225052589317384
OLMo-2-1124-7B-DPO,self_conditioned_baseline,312,2.4199706264711547
OLMo-2-1124-7B-DPO,self_conditioned_baseline,313,2.4175439700938472
OLMo-2-1124-7B-DPO,self_conditioned_baseline,314,2.4154646417873744
OLMo-2-1124-7B-DPO,self_conditioned_baseline,315,2.4131258182525737
OLMo-2-1124-7B-DPO,self_conditioned_baseline,316,2.4110368715514383
OLMo-2-1124-7B-DPO,self_conditioned_baseline,317,2.408736734043494
OLMo-2-1124-7B-DPO,self_conditioned_baseline,318,2.4069541555443106
OLMo-2-1124-7B-DPO,self_conditioned_baseline,319,2.404925796662026
OLMo-2-1124-7B-DPO,self_conditioned_baseline,320,2.4025741576305535
OLMo-2-1124-7B-DPO,self_conditioned_baseline,321,2.400136408868826
OLMo-2-1124-7B-DPO,self_conditioned_baseline,322,2.397907952767825
OLMo-2-1124-7B-DPO,self_conditioned_baseline,323,2.3960067400151708
OLMo-2-1124-7B-DPO,self_conditioned_baseline,324,2.394181446185253
OLMo-2-1124-7B-DPO,self_conditioned_baseline,325,2.3919901370447194
OLMo-2-1124-7B-DPO,self_conditioned_baseline,326,2.3898802256939367
OLMo-2-1124-7B-DPO,self_conditioned_baseline,327,2.387771314230596
OLMo-2-1124-7B-DPO,self_conditioned_baseline,328,2.385396084050217
OLMo-2-1124-7B-DPO,self_conditioned_baseline,329,2.3831674396044793
OLMo-2-1124-7B-DPO,self_conditioned_baseline,330,2.3809809070578933
OLMo-2-1124-7B-DPO,self_conditioned_baseline,331,2.3789371561367414
OLMo-2-1124-7B-DPO,self_conditioned_baseline,332,2.3769742005047707
OLMo-2-1124-7B-DPO,self_conditioned_baseline,333,2.3747369069774296
OLMo-2-1124-7B-DPO,self_conditioned_baseline,334,2.3727886316690516
OLMo-2-1124-7B-DPO,self_conditioned_baseline,335,2.3709251994464635
OLMo-2-1124-7B-DPO,self_conditioned_baseline,336,2.369241177581688
OLMo-2-1124-7B-DPO,self_conditioned_baseline,337,2.3676011931796594
OLMo-2-1124-7B-DPO,self_conditioned_baseline,338,2.3656561804853258
OLMo-2-1124-7B-DPO,self_conditioned_baseline,339,2.364179210096635
OLMo-2-1124-7B-DPO,self_conditioned_baseline,340,2.3623237477926713
OLMo-2-1124-7B-DPO,self_conditioned_baseline,341,2.360287965827835
OLMo-2-1124-7B-DPO,self_conditioned_baseline,342,2.35853058946849
OLMo-2-1124-7B-DPO,self_conditioned_baseline,343,2.3569514514884222
OLMo-2-1124-7B-DPO,self_conditioned_baseline,344,2.3552085599061248
OLMo-2-1124-7B-DPO,self_conditioned_baseline,345,2.3532422321975677
OLMo-2-1124-7B-DPO,self_conditioned_baseline,346,2.351679443544016
OLMo-2-1124-7B-DPO,self_conditioned_baseline,347,2.3503087209470497
OLMo-2-1124-7B-DPO,self_conditioned_baseline,348,2.3485445750130682
OLMo-2-1124-7B-DPO,self_conditioned_baseline,349,2.3466728088845836
OLMo-2-1124-7B-DPO,self_conditioned_baseline,350,2.3451257720247614
OLMo-2-1124-7B-DPO,self_conditioned_baseline,351,2.3435164515961615
OLMo-2-1124-7B-DPO,self_conditioned_baseline,352,2.3416763621469743
OLMo-2-1124-7B-DPO,self_conditioned_baseline,353,2.339762848302011
OLMo-2-1124-7B-DPO,self_conditioned_baseline,354,2.3379775533407012
OLMo-2-1124-7B-DPO,self_conditioned_baseline,355,2.3362619969522833
OLMo-2-1124-7B-DPO,self_conditioned_baseline,356,2.3344773591823142
OLMo-2-1124-7B-DPO,self_conditioned_baseline,357,2.332771473798733
OLMo-2-1124-7B-DPO,self_conditioned_baseline,358,2.3309865922972888
OLMo-2-1124-7B-DPO,self_conditioned_baseline,359,2.3293248068229198
OLMo-2-1124-7B-DPO,self_conditioned_baseline,360,2.327766764833142
OLMo-2-1124-7B-DPO,self_conditioned_baseline,361,2.3262871530919758
OLMo-2-1124-7B-DPO,self_conditioned_baseline,362,2.3249825408912232
OLMo-2-1124-7B-DPO,self_conditioned_baseline,363,2.3234505975684896
OLMo-2-1124-7B-DPO,self_conditioned_baseline,364,2.321805465879576
OLMo-2-1124-7B-DPO,self_conditioned_baseline,365,2.320545502174466
OLMo-2-1124-7B-DPO,self_conditioned_baseline,366,2.3191025278971353
OLMo-2-1124-7B-DPO,self_conditioned_baseline,367,2.3177717772900777
OLMo-2-1124-7B-DPO,self_conditioned_baseline,368,2.3162746177915996
OLMo-2-1124-7B-DPO,self_conditioned_baseline,369,2.314543036950819
OLMo-2-1124-7B-DPO,self_conditioned_baseline,370,2.313049283187618
OLMo-2-1124-7B-DPO,self_conditioned_baseline,371,2.311769339173609
OLMo-2-1124-7B-DPO,self_conditioned_baseline,372,2.3101619007904124
OLMo-2-1124-7B-DPO,self_conditioned_baseline,373,2.3085029290320356
OLMo-2-1124-7B-DPO,self_conditioned_baseline,374,2.3067996288087085
OLMo-2-1124-7B-DPO,self_conditioned_baseline,375,2.305346475023535
OLMo-2-1124-7B-DPO,self_conditioned_baseline,376,2.3038519451787476
OLMo-2-1124-7B-DPO,self_conditioned_baseline,377,2.3023614794111342
OLMo-2-1124-7B-DPO,self_conditioned_baseline,378,2.3008331991465343
OLMo-2-1124-7B-DPO,self_conditioned_baseline,379,2.2995324605401346
OLMo-2-1124-7B-DPO,self_conditioned_baseline,380,2.297884127254313
OLMo-2-1124-7B-DPO,self_conditioned_baseline,381,2.296281201675572
OLMo-2-1124-7B-DPO,self_conditioned_baseline,382,2.294835350819829
OLMo-2-1124-7B-DPO,self_conditioned_baseline,383,2.2934654788537165
OLMo-2-1124-7B-DPO,self_conditioned_baseline,384,2.291927750576795
OLMo-2-1124-7B-DPO,self_conditioned_baseline,385,2.290802674296653
OLMo-2-1124-7B-DPO,self_conditioned_baseline,386,2.2891675703412604
OLMo-2-1124-7B-DPO,self_conditioned_baseline,387,2.2874043506319155
OLMo-2-1124-7B-DPO,self_conditioned_baseline,388,2.285810484439529
OLMo-2-1124-7B-DPO,self_conditioned_baseline,389,2.28432771559187
OLMo-2-1124-7B-DPO,self_conditioned_baseline,390,2.283114103447608
OLMo-2-1124-7B-DPO,self_conditioned_baseline,391,2.2818644926871245
OLMo-2-1124-7B-DPO,self_conditioned_baseline,392,2.280449089378304
OLMo-2-1124-7B-DPO,self_conditioned_baseline,393,2.2788314632006568
OLMo-2-1124-7B-DPO,self_conditioned_baseline,394,2.277266134398337
OLMo-2-1124-7B-DPO,self_conditioned_baseline,395,2.275903740961009
OLMo-2-1124-7B-DPO,self_conditioned_baseline,396,2.2742263256552304
OLMo-2-1124-7B-DPO,self_conditioned_baseline,397,2.272881292040199
OLMo-2-1124-7B-DPO,self_conditioned_baseline,398,2.2718794652734067
OLMo-2-1124-7B-DPO,self_conditioned_baseline,399,2.27047059603786
OLMo-2-1124-7B-DPO,self_conditioned_baseline,400,2.2691540464750455
OLMo-2-1124-7B-DPO,self_conditioned_baseline,401,2.2677964569375315
OLMo-2-1124-7B-DPO,self_conditioned_baseline,402,2.2663311538220343
OLMo-2-1124-7B-DPO,self_conditioned_baseline,403,2.2648300151644403
OLMo-2-1124-7B-DPO,self_conditioned_baseline,404,2.2635263950667337
OLMo-2-1124-7B-DPO,self_conditioned_baseline,405,2.2621634866090674
OLMo-2-1124-7B-DPO,self_conditioned_baseline,406,2.2607698396686926
OLMo-2-1124-7B-DPO,self_conditioned_baseline,407,2.2595179108075554
OLMo-2-1124-7B-DPO,self_conditioned_baseline,408,2.258267945156389
OLMo-2-1124-7B-DPO,self_conditioned_baseline,409,2.256793477509878
OLMo-2-1124-7B-DPO,self_conditioned_baseline,410,2.2556714104684454
OLMo-2-1124-7B-DPO,self_conditioned_baseline,411,2.2544641810364943
OLMo-2-1124-7B-DPO,self_conditioned_baseline,412,2.2530027371079773
OLMo-2-1124-7B-DPO,self_conditioned_baseline,413,2.2516656586370654
OLMo-2-1124-7B-DPO,self_conditioned_baseline,414,2.2503526225643036
OLMo-2-1124-7B-DPO,self_conditioned_baseline,415,2.249094609361048
OLMo-2-1124-7B-DPO,self_conditioned_baseline,416,2.2478567751442293
OLMo-2-1124-7B-DPO,self_conditioned_baseline,417,2.24650468725841
OLMo-2-1124-7B-DPO,self_conditioned_baseline,418,2.2454910666067414
OLMo-2-1124-7B-DPO,self_conditioned_baseline,419,2.2444365967452504
OLMo-2-1124-7B-DPO,self_conditioned_baseline,420,2.2432187008185687
OLMo-2-1124-7B-DPO,self_conditioned_baseline,421,2.241917848538412
OLMo-2-1124-7B-DPO,self_conditioned_baseline,422,2.240745531143397
OLMo-2-1124-7B-DPO,self_conditioned_baseline,423,2.2396004182893163
OLMo-2-1124-7B-DPO,self_conditioned_baseline,424,2.238441523279458
OLMo-2-1124-7B-DPO,self_conditioned_baseline,425,2.237322908634507
OLMo-2-1124-7B-DPO,self_conditioned_baseline,426,2.2361291441628586
OLMo-2-1124-7B-DPO,self_conditioned_baseline,427,2.2348239008820046
OLMo-2-1124-7B-DPO,self_conditioned_baseline,428,2.2335784360621274
OLMo-2-1124-7B-DPO,self_conditioned_baseline,429,2.2323974887169915
OLMo-2-1124-7B-DPO,self_conditioned_baseline,430,2.2310814199982376
OLMo-2-1124-7B-DPO,self_conditioned_baseline,431,2.229861660815083
OLMo-2-1124-7B-DPO,self_conditioned_baseline,432,2.2285279149844515
OLMo-2-1124-7B-DPO,self_conditioned_baseline,433,2.2274942366217356
OLMo-2-1124-7B-DPO,self_conditioned_baseline,434,2.2266419793595458
OLMo-2-1124-7B-DPO,self_conditioned_baseline,435,2.2252705127272
OLMo-2-1124-7B-DPO,self_conditioned_baseline,436,2.2239072230481116
OLMo-2-1124-7B-DPO,self_conditioned_baseline,437,2.2227283112260956
OLMo-2-1124-7B-DPO,self_conditioned_baseline,438,2.2214461220699637
OLMo-2-1124-7B-DPO,self_conditioned_baseline,439,2.2203684356642652
OLMo-2-1124-7B-DPO,self_conditioned_baseline,440,2.2190705349231217
OLMo-2-1124-7B-DPO,self_conditioned_baseline,441,2.217808089023473
OLMo-2-1124-7B-DPO,self_conditioned_baseline,442,2.216702384145858
OLMo-2-1124-7B-DPO,self_conditioned_baseline,443,2.215668223561302
OLMo-2-1124-7B-DPO,self_conditioned_baseline,444,2.214825037883954
OLMo-2-1124-7B-DPO,self_conditioned_baseline,445,2.213726466165441
OLMo-2-1124-7B-DPO,self_conditioned_baseline,446,2.2127637935750206
OLMo-2-1124-7B-DPO,self_conditioned_baseline,447,2.211670785266899
OLMo-2-1124-7B-DPO,self_conditioned_baseline,448,2.2106173018193447
OLMo-2-1124-7B-DPO,self_conditioned_baseline,449,2.209691152562331
OLMo-2-1124-7B-DPO,self_conditioned_baseline,450,2.2086279591362756
OLMo-2-1124-7B-DPO,self_conditioned_baseline,451,2.2074780328299846
OLMo-2-1124-7B-DPO,self_conditioned_baseline,452,2.2061663859028915
OLMo-2-1124-7B-DPO,self_conditioned_baseline,453,2.205191951103128
OLMo-2-1124-7B-DPO,self_conditioned_baseline,454,2.204298147691787
OLMo-2-1124-7B-DPO,self_conditioned_baseline,455,2.203464687265247
OLMo-2-1124-7B-DPO,self_conditioned_baseline,456,2.202349669867029
OLMo-2-1124-7B-DPO,self_conditioned_baseline,457,2.2012107240760566
OLMo-2-1124-7B-DPO,self_conditioned_baseline,458,2.200122049494852
OLMo-2-1124-7B-DPO,self_conditioned_baseline,459,2.1992871853439073
OLMo-2-1124-7B-DPO,self_conditioned_baseline,460,2.19838735069259
OLMo-2-1124-7B-DPO,self_conditioned_baseline,461,2.197335522712887
OLMo-2-1124-7B-DPO,self_conditioned_baseline,462,2.1964522710239693
OLMo-2-1124-7B-DPO,self_conditioned_baseline,463,2.195359086005388
OLMo-2-1124-7B-DPO,self_conditioned_baseline,464,2.1943868951987
OLMo-2-1124-7B-DPO,self_conditioned_baseline,465,2.1934327668735687
OLMo-2-1124-7B-DPO,self_conditioned_baseline,466,2.192490496647745
OLMo-2-1124-7B-DPO,self_conditioned_baseline,467,2.1915909394330235
OLMo-2-1124-7B-DPO,self_conditioned_baseline,468,2.190619299279418
OLMo-2-1124-7B-DPO,self_conditioned_baseline,469,2.189643602698392
OLMo-2-1124-7B-DPO,self_conditioned_baseline,470,2.188650611971824
OLMo-2-1124-7B-DPO,self_conditioned_baseline,471,2.1875637455483137
OLMo-2-1124-7B-DPO,self_conditioned_baseline,472,2.186684497914646
OLMo-2-1124-7B-DPO,self_conditioned_baseline,473,2.186050153423264
OLMo-2-1124-7B-DPO,self_conditioned_baseline,474,2.185257678578264
OLMo-2-1124-7B-DPO,self_conditioned_baseline,475,2.1843188629200947
OLMo-2-1124-7B-DPO,self_conditioned_baseline,476,2.183468424006838
OLMo-2-1124-7B-DPO,self_conditioned_baseline,477,2.1825902734331035
OLMo-2-1124-7B-DPO,self_conditioned_baseline,478,2.1817024127999165
OLMo-2-1124-7B-DPO,self_conditioned_baseline,479,2.1806830344440944
OLMo-2-1124-7B-DPO,self_conditioned_baseline,480,2.1797874929841172
OLMo-2-1124-7B-DPO,self_conditioned_baseline,481,2.17888845430667
OLMo-2-1124-7B-DPO,self_conditioned_baseline,482,2.1780847118480224
OLMo-2-1124-7B-DPO,self_conditioned_baseline,483,2.1772824441905754
OLMo-2-1124-7B-DPO,self_conditioned_baseline,484,2.176431170790938
OLMo-2-1124-7B-DPO,self_conditioned_baseline,485,2.1756717132449084
OLMo-2-1124-7B-DPO,self_conditioned_baseline,486,2.174911096323305
OLMo-2-1124-7B-DPO,self_conditioned_baseline,487,2.1741088853055244
OLMo-2-1124-7B-DPO,self_conditioned_baseline,488,2.1732525629618653
OLMo-2-1124-7B-DPO,self_conditioned_baseline,489,2.1724289889303994
OLMo-2-1124-7B-DPO,self_conditioned_baseline,490,2.171449134826063
OLMo-2-1124-7B-DPO,self_conditioned_baseline,491,2.1705035990248387
OLMo-2-1124-7B-DPO,self_conditioned_baseline,492,2.1693946615262125
OLMo-2-1124-7B-DPO,self_conditioned_baseline,493,2.1686205395713802
OLMo-2-1124-7B-DPO,self_conditioned_baseline,494,2.1678216546387237
OLMo-2-1124-7B-DPO,self_conditioned_baseline,495,2.1669006658220975
OLMo-2-1124-7B-DPO,self_conditioned_baseline,496,2.165954390380543
OLMo-2-1124-7B-DPO,self_conditioned_baseline,497,2.1652953787413405
OLMo-2-1124-7B-DPO,self_conditioned_baseline,498,2.164417473938241
OLMo-2-1124-7B-DPO,self_conditioned_baseline,499,2.16357877886883
OLMo-2-1124-7B-DPO,self_conditioned_baseline,500,2.1653216764191754
OLMo-2-1124-7B-DPO,self_conditioned_baseline,501,2.164437782555122
OLMo-2-1124-7B-DPO,self_conditioned_baseline,502,2.163582634219169
OLMo-2-1124-7B-DPO,self_conditioned_baseline,503,2.162669081483177
OLMo-2-1124-7B-DPO,self_conditioned_baseline,504,2.161680495571087
OLMo-2-1124-7B-DPO,self_conditioned_baseline,505,2.1609455052663855
OLMo-2-1124-7B-DPO,self_conditioned_baseline,506,2.1599338370883743
OLMo-2-1124-7B-DPO,self_conditioned_baseline,507,2.159231441245634
OLMo-2-1124-7B-DPO,self_conditioned_baseline,508,2.1585028569031675
OLMo-2-1124-7B-DPO,self_conditioned_baseline,509,2.157593457452254
OLMo-2-1124-7B-DPO,self_conditioned_baseline,510,2.1566262608203415
OLMo-2-1124-7B-DPO,self_conditioned_baseline,511,2.155765507082813
OLMo-2-1124-7B-DPO,self_conditioned_baseline,512,2.1548908520111154
OLMo-2-1124-7B-DPO,self_conditioned_baseline,513,2.154004646171344
OLMo-2-1124-7B-DPO,self_conditioned_baseline,514,2.1532749918055964
OLMo-2-1124-7B-DPO,self_conditioned_baseline,515,2.152294134770587
OLMo-2-1124-7B-DPO,self_conditioned_baseline,516,2.151270063979853
OLMo-2-1124-7B-DPO,self_conditioned_baseline,517,2.15052863061241
OLMo-2-1124-7B-DPO,self_conditioned_baseline,518,2.149899619083561
OLMo-2-1124-7B-DPO,self_conditioned_baseline,519,2.148912772684479
OLMo-2-1124-7B-DPO,self_conditioned_baseline,520,2.1481175458215125
OLMo-2-1124-7B-DPO,self_conditioned_baseline,521,2.1474772992199127
OLMo-2-1124-7B-DPO,self_conditioned_baseline,522,2.146535173561533
OLMo-2-1124-7B-DPO,self_conditioned_baseline,523,2.1457218181711504
OLMo-2-1124-7B-DPO,self_conditioned_baseline,524,2.1449534963640673
OLMo-2-1124-7B-DPO,self_conditioned_baseline,525,2.1442404514073523
OLMo-2-1124-7B-DPO,self_conditioned_baseline,526,2.1434343651288064
OLMo-2-1124-7B-DPO,self_conditioned_baseline,527,2.142754727215324
OLMo-2-1124-7B-DPO,self_conditioned_baseline,528,2.1420269741016646
OLMo-2-1124-7B-DPO,self_conditioned_baseline,529,2.141073902336009
OLMo-2-1124-7B-DPO,self_conditioned_baseline,530,2.14033923843628
OLMo-2-1124-7B-DPO,self_conditioned_baseline,531,2.139447294111957
OLMo-2-1124-7B-DPO,self_conditioned_baseline,532,2.138653991345017
OLMo-2-1124-7B-DPO,self_conditioned_baseline,533,2.1379241003125937
OLMo-2-1124-7B-DPO,self_conditioned_baseline,534,2.1372293470098485
OLMo-2-1124-7B-DPO,self_conditioned_baseline,535,2.1362679870123045
OLMo-2-1124-7B-DPO,self_conditioned_baseline,536,2.1355726541425843
OLMo-2-1124-7B-DPO,self_conditioned_baseline,537,2.134705171722281
OLMo-2-1124-7B-DPO,self_conditioned_baseline,538,2.133977660684907
OLMo-2-1124-7B-DPO,self_conditioned_baseline,539,2.1330801986408985
OLMo-2-1124-7B-DPO,self_conditioned_baseline,540,2.1321482376324257
OLMo-2-1124-7B-DPO,self_conditioned_baseline,541,2.1315911594396115
OLMo-2-1124-7B-DPO,self_conditioned_baseline,542,2.130877517509953
OLMo-2-1124-7B-DPO,self_conditioned_baseline,543,2.1299455127267843
OLMo-2-1124-7B-DPO,self_conditioned_baseline,544,2.1289881815847216
OLMo-2-1124-7B-DPO,self_conditioned_baseline,545,2.1286112552766085
OLMo-2-1124-7B-DPO,self_conditioned_baseline,546,2.127881223868462
OLMo-2-1124-7B-DPO,self_conditioned_baseline,547,2.127070979168457
OLMo-2-1124-7B-DPO,self_conditioned_baseline,548,2.1263125570688275
OLMo-2-1124-7B-DPO,self_conditioned_baseline,549,2.125722515954686
OLMo-2-1124-7B-DPO,self_conditioned_baseline,550,2.1249105203277323
OLMo-2-1124-7B-DPO,self_conditioned_baseline,551,2.1241484848560206
OLMo-2-1124-7B-DPO,self_conditioned_baseline,552,2.1235103216614037
OLMo-2-1124-7B-DPO,self_conditioned_baseline,553,2.1229024567540113
OLMo-2-1124-7B-DPO,self_conditioned_baseline,554,2.1222431423117722
OLMo-2-1124-7B-DPO,self_conditioned_baseline,555,2.1216042050070425
OLMo-2-1124-7B-DPO,self_conditioned_baseline,556,2.120906406363162
OLMo-2-1124-7B-DPO,self_conditioned_baseline,557,2.1202649089669396
OLMo-2-1124-7B-DPO,self_conditioned_baseline,558,2.1198993061117934
OLMo-2-1124-7B-DPO,self_conditioned_baseline,559,2.119174516307816
OLMo-2-1124-7B-DPO,self_conditioned_baseline,560,2.11865391352021
OLMo-2-1124-7B-DPO,self_conditioned_baseline,561,2.118025785502508
OLMo-2-1124-7B-DPO,self_conditioned_baseline,562,2.117413016066304
OLMo-2-1124-7B-DPO,self_conditioned_baseline,563,2.116823905784986
OLMo-2-1124-7B-DPO,self_conditioned_baseline,564,2.116209177303023
OLMo-2-1124-7B-DPO,self_conditioned_baseline,565,2.1152893111955464
OLMo-2-1124-7B-DPO,self_conditioned_baseline,566,2.114411511877556
OLMo-2-1124-7B-DPO,self_conditioned_baseline,567,2.113837683996852
OLMo-2-1124-7B-DPO,self_conditioned_baseline,568,2.1131347948303847
OLMo-2-1124-7B-DPO,self_conditioned_baseline,569,2.112672625795754
OLMo-2-1124-7B-DPO,self_conditioned_baseline,570,2.1121613588490615
OLMo-2-1124-7B-DPO,self_conditioned_baseline,571,2.1115881151148304
OLMo-2-1124-7B-DPO,self_conditioned_baseline,572,2.1109015442254817
OLMo-2-1124-7B-DPO,self_conditioned_baseline,573,2.1102936665842487
OLMo-2-1124-7B-DPO,self_conditioned_baseline,574,2.109644539093684
OLMo-2-1124-7B-DPO,self_conditioned_baseline,575,2.109051127551064
OLMo-2-1124-7B-DPO,self_conditioned_baseline,576,2.108444511456043
OLMo-2-1124-7B-DPO,self_conditioned_baseline,577,2.1077998408355874
OLMo-2-1124-7B-DPO,self_conditioned_baseline,578,2.1070664595322555
OLMo-2-1124-7B-DPO,self_conditioned_baseline,579,2.1064950083279217
OLMo-2-1124-7B-DPO,self_conditioned_baseline,580,2.106008902939396
OLMo-2-1124-7B-DPO,self_conditioned_baseline,581,2.1053238783164785
OLMo-2-1124-7B-DPO,self_conditioned_baseline,582,2.104698130830581
OLMo-2-1124-7B-DPO,self_conditioned_baseline,583,2.1040980620082625
OLMo-2-1124-7B-DPO,self_conditioned_baseline,584,2.103384002075522
OLMo-2-1124-7B-DPO,self_conditioned_baseline,585,2.1027994869410924
OLMo-2-1124-7B-DPO,self_conditioned_baseline,586,2.102163314079734
OLMo-2-1124-7B-DPO,self_conditioned_baseline,587,2.1015716817808583
OLMo-2-1124-7B-DPO,self_conditioned_baseline,588,2.100942435341725
OLMo-2-1124-7B-DPO,self_conditioned_baseline,589,2.100504979995589
OLMo-2-1124-7B-DPO,self_conditioned_baseline,590,2.1000346417861246
OLMo-2-1124-7B-DPO,self_conditioned_baseline,591,2.0992634844177465
OLMo-2-1124-7B-DPO,self_conditioned_baseline,592,2.098683834974365
OLMo-2-1124-7B-DPO,self_conditioned_baseline,593,2.0982763470856773
OLMo-2-1124-7B-DPO,self_conditioned_baseline,594,2.0978249358442795
OLMo-2-1124-7B-DPO,self_conditioned_baseline,595,2.097236923630172
OLMo-2-1124-7B-DPO,self_conditioned_baseline,596,2.0967444880590453
OLMo-2-1124-7B-DPO,self_conditioned_baseline,597,2.096142109789797
OLMo-2-1124-7B-DPO,self_conditioned_baseline,598,2.0954245443693402
OLMo-2-1124-7B-DPO,self_conditioned_baseline,599,2.0947660996395263
OLMo-2-1124-7B-DPO,self_conditioned_baseline,600,2.094247611165956
OLMo-2-1124-7B-DPO,self_conditioned_baseline,601,2.0937659452885184
OLMo-2-1124-7B-DPO,self_conditioned_baseline,602,2.0931551981805714
OLMo-2-1124-7B-DPO,self_conditioned_baseline,603,2.0926493901407786
OLMo-2-1124-7B-DPO,self_conditioned_baseline,604,2.0920200314194566
OLMo-2-1124-7B-DPO,self_conditioned_baseline,605,2.0915593477198415
OLMo-2-1124-7B-DPO,self_conditioned_baseline,606,2.0909425516510884
OLMo-2-1124-7B-DPO,self_conditioned_baseline,607,2.090931747248194
OLMo-2-1124-7B-DPO,self_conditioned_baseline,608,2.0905408702415555
OLMo-2-1124-7B-DPO,self_conditioned_baseline,609,2.090000523458938
OLMo-2-1124-7B-DPO,self_conditioned_baseline,610,2.0896769773775534
OLMo-2-1124-7B-DPO,self_conditioned_baseline,611,2.088875639936816
OLMo-2-1124-7B-DPO,self_conditioned_baseline,612,2.0882111880551957
OLMo-2-1124-7B-DPO,self_conditioned_baseline,613,2.0876016849471513
OLMo-2-1124-7B-DPO,self_conditioned_baseline,614,2.0869097685442934
OLMo-2-1124-7B-DPO,self_conditioned_baseline,615,2.0865071982478214
OLMo-2-1124-7B-DPO,self_conditioned_baseline,616,2.086044166851227
OLMo-2-1124-7B-DPO,self_conditioned_baseline,617,2.0855379007844985
OLMo-2-1124-7B-DPO,self_conditioned_baseline,618,2.0848840367926105
OLMo-2-1124-7B-DPO,self_conditioned_baseline,619,2.0842031349463306
OLMo-2-1124-7B-DPO,self_conditioned_baseline,620,2.083683806729433
OLMo-2-1124-7B-DPO,self_conditioned_baseline,621,2.083144079028488
OLMo-2-1124-7B-DPO,self_conditioned_baseline,622,2.082594753304948
OLMo-2-1124-7B-DPO,self_conditioned_baseline,623,2.0820895853962607
OLMo-2-1124-7B-DPO,self_conditioned_baseline,624,2.0815234680110213
OLMo-2-1124-7B-DPO,self_conditioned_baseline,625,2.0809444385525353
OLMo-2-1124-7B-DPO,self_conditioned_baseline,626,2.080376368893376
OLMo-2-1124-7B-DPO,self_conditioned_baseline,627,2.0798160197066955
OLMo-2-1124-7B-DPO,self_conditioned_baseline,628,2.0790327552668297
OLMo-2-1124-7B-DPO,self_conditioned_baseline,629,2.078481060311662
OLMo-2-1124-7B-DPO,self_conditioned_baseline,630,2.078067986453689
OLMo-2-1124-7B-DPO,self_conditioned_baseline,631,2.0775965938994894
OLMo-2-1124-7B-DPO,self_conditioned_baseline,632,2.077175935244988
OLMo-2-1124-7B-DPO,self_conditioned_baseline,633,2.076641060161729
OLMo-2-1124-7B-DPO,self_conditioned_baseline,634,2.076139562983722
OLMo-2-1124-7B-DPO,self_conditioned_baseline,635,2.0757619552636215
OLMo-2-1124-7B-DPO,self_conditioned_baseline,636,2.075040495266176
OLMo-2-1124-7B-DPO,self_conditioned_baseline,637,2.074692296892673
OLMo-2-1124-7B-DPO,self_conditioned_baseline,638,2.074283292104441
OLMo-2-1124-7B-DPO,self_conditioned_baseline,639,2.0738621558231825
OLMo-2-1124-7B-DPO,self_conditioned_baseline,640,2.0734086554640996
OLMo-2-1124-7B-DPO,self_conditioned_baseline,641,2.0729450768924167
OLMo-2-1124-7B-DPO,self_conditioned_baseline,642,2.0725645733770395
OLMo-2-1124-7B-DPO,self_conditioned_baseline,643,2.0721808861773496
OLMo-2-1124-7B-DPO,self_conditioned_baseline,644,2.0720531165777913
OLMo-2-1124-7B-DPO,self_conditioned_baseline,645,2.071555153764399
OLMo-2-1124-7B-DPO,self_conditioned_baseline,646,2.071073540671545
OLMo-2-1124-7B-DPO,self_conditioned_baseline,647,2.0704890745519333
OLMo-2-1124-7B-DPO,self_conditioned_baseline,648,2.0698261030751106
OLMo-2-1124-7B-DPO,self_conditioned_baseline,649,2.069216561696309
OLMo-2-1124-7B-DPO,self_conditioned_baseline,650,2.068762109571703
OLMo-2-1124-7B-DPO,self_conditioned_baseline,651,2.068144149886825
OLMo-2-1124-7B-DPO,self_conditioned_baseline,652,2.06125629951373
OLMo-2-1124-7B-DPO,self_conditioned_baseline,653,2.060760493806099
OLMo-2-1124-7B-DPO,self_conditioned_baseline,654,2.060368014370613
OLMo-2-1124-7B-DPO,self_conditioned_baseline,655,2.059818458521791
OLMo-2-1124-7B-DPO,self_conditioned_baseline,656,2.0593769080521738
OLMo-2-1124-7B-DPO,self_conditioned_baseline,657,2.0589057169069305
OLMo-2-1124-7B-DPO,self_conditioned_baseline,658,2.058412532391625
OLMo-2-1124-7B-DPO,self_conditioned_baseline,659,2.0580496541134403
OLMo-2-1124-7B-DPO,self_conditioned_baseline,660,2.05767969365862
OLMo-2-1124-7B-DPO,self_conditioned_baseline,661,2.0572263772394113
OLMo-2-1124-7B-DPO,self_conditioned_baseline,662,2.056830206055939
OLMo-2-1124-7B-DPO,self_conditioned_baseline,663,2.056354912872339
OLMo-2-1124-7B-DPO,self_conditioned_baseline,664,2.0559459362389965
OLMo-2-1124-7B-DPO,self_conditioned_baseline,665,2.0555103668813817
OLMo-2-1124-7B-DPO,self_conditioned_baseline,666,2.0550535451999097
OLMo-2-1124-7B-DPO,self_conditioned_baseline,667,2.054533453898709
OLMo-2-1124-7B-DPO,self_conditioned_baseline,668,2.0540595919979814
OLMo-2-1124-7B-DPO,self_conditioned_baseline,669,2.053552685513064
OLMo-2-1124-7B-DPO,self_conditioned_baseline,670,2.0531598931967925
OLMo-2-1124-7B-DPO,self_conditioned_baseline,671,2.052987856844124
OLMo-2-1124-7B-DPO,self_conditioned_baseline,672,2.052525613330275
OLMo-2-1124-7B-DPO,self_conditioned_baseline,673,2.052024599037159
OLMo-2-1124-7B-DPO,self_conditioned_baseline,674,2.051448574608585
OLMo-2-1124-7B-DPO,self_conditioned_baseline,675,2.050975514324411
OLMo-2-1124-7B-DPO,self_conditioned_baseline,676,2.0506497168380573
OLMo-2-1124-7B-DPO,self_conditioned_baseline,677,2.0502843286228245
OLMo-2-1124-7B-DPO,self_conditioned_baseline,678,2.04980655170304
OLMo-2-1124-7B-DPO,self_conditioned_baseline,679,2.04958201005288
OLMo-2-1124-7B-DPO,self_conditioned_baseline,680,2.0494059252297188
OLMo-2-1124-7B-DPO,self_conditioned_baseline,681,2.0492464910850217
OLMo-2-1124-7B-DPO,self_conditioned_baseline,682,2.0490246488079826
OLMo-2-1124-7B-DPO,self_conditioned_baseline,683,2.0486498373652466
OLMo-2-1124-7B-DPO,self_conditioned_baseline,684,2.048339634697686
OLMo-2-1124-7B-DPO,self_conditioned_baseline,685,2.047962635782939
OLMo-2-1124-7B-DPO,self_conditioned_baseline,686,2.0475006454618976
OLMo-2-1124-7B-DPO,self_conditioned_baseline,687,2.0469836710127707
OLMo-2-1124-7B-DPO,self_conditioned_baseline,688,2.046561800413659
OLMo-2-1124-7B-DPO,self_conditioned_baseline,689,2.0460299497913845
OLMo-2-1124-7B-DPO,self_conditioned_baseline,690,2.0458190145327455
OLMo-2-1124-7B-DPO,self_conditioned_baseline,691,2.0453347165609377
OLMo-2-1124-7B-DPO,self_conditioned_baseline,692,2.0450678195576777
OLMo-2-1124-7B-DPO,self_conditioned_baseline,693,2.0447272175168334
OLMo-2-1124-7B-DPO,self_conditioned_baseline,694,2.0444510413361083
OLMo-2-1124-7B-DPO,self_conditioned_baseline,695,2.0439973971403784
OLMo-2-1124-7B-DPO,self_conditioned_baseline,696,2.0435230059679483
OLMo-2-1124-7B-DPO,self_conditioned_baseline,697,2.043023275209271
OLMo-2-1124-7B-DPO,self_conditioned_baseline,698,2.042732785029529
OLMo-2-1124-7B-DPO,self_conditioned_baseline,699,2.042387019924892
OLMo-2-1124-7B-DPO,self_conditioned_baseline,700,2.042025563179501
OLMo-2-1124-7B-DPO,self_conditioned_baseline,701,2.0418009735118905
OLMo-2-1124-7B-DPO,self_conditioned_baseline,702,2.0415675328643164
OLMo-2-1124-7B-DPO,self_conditioned_baseline,703,2.0412010658893656
OLMo-2-1124-7B-DPO,self_conditioned_baseline,704,2.040888629831169
OLMo-2-1124-7B-DPO,self_conditioned_baseline,705,2.0404357554142
OLMo-2-1124-7B-DPO,self_conditioned_baseline,706,2.039948419105878
OLMo-2-1124-7B-DPO,self_conditioned_baseline,707,2.039556569971396
OLMo-2-1124-7B-DPO,self_conditioned_baseline,708,2.0389372894179503
OLMo-2-1124-7B-DPO,self_conditioned_baseline,709,2.0385226772845964
OLMo-2-1124-7B-DPO,self_conditioned_baseline,710,2.0382666617778393
OLMo-2-1124-7B-DPO,self_conditioned_baseline,711,2.0385099809529237
OLMo-2-1124-7B-DPO,self_conditioned_baseline,712,2.0394105381467993
OLMo-2-1124-7B-DPO,self_conditioned_baseline,713,2.038973062609329
OLMo-2-1124-7B-DPO,self_conditioned_baseline,714,2.0384984980180527
OLMo-2-1124-7B-DPO,self_conditioned_baseline,715,2.038253707561532
OLMo-2-1124-7B-DPO,self_conditioned_baseline,716,2.0379040628435994
OLMo-2-1124-7B-DPO,self_conditioned_baseline,717,2.0392467407605
OLMo-2-1124-7B-DPO,self_conditioned_baseline,718,2.0389290033228042
OLMo-2-1124-7B-DPO,self_conditioned_baseline,719,2.038963416414845
OLMo-2-1124-7B-DPO,self_conditioned_baseline,720,2.0386963446149386
OLMo-2-1124-7B-DPO,self_conditioned_baseline,721,2.0382053581577906
OLMo-2-1124-7B-DPO,self_conditioned_baseline,722,2.0376005278985843
OLMo-2-1124-7B-DPO,self_conditioned_baseline,723,2.037135649568567
OLMo-2-1124-7B-DPO,self_conditioned_baseline,724,2.036466408024973
OLMo-2-1124-7B-DPO,self_conditioned_baseline,725,2.035844441169615
OLMo-2-1124-7B-DPO,self_conditioned_baseline,726,2.0352878316775502
OLMo-2-1124-7B-DPO,self_conditioned_baseline,727,2.0348536771876318
OLMo-2-1124-7B-DPO,self_conditioned_baseline,728,2.0344498551163306
OLMo-2-1124-7B-DPO,self_conditioned_baseline,729,2.034196547507168
OLMo-2-1124-7B-DPO,self_conditioned_baseline,730,2.0338005033059936
OLMo-2-1124-7B-DPO,self_conditioned_baseline,731,2.0333772094426825
OLMo-2-1124-7B-DPO,self_conditioned_baseline,732,2.032987792384874
OLMo-2-1124-7B-DPO,self_conditioned_baseline,733,2.0324730430284275
OLMo-2-1124-7B-DPO,self_conditioned_baseline,734,2.0319058750494294
OLMo-2-1124-7B-DPO,self_conditioned_baseline,735,2.031371993472946
OLMo-2-1124-7B-DPO,self_conditioned_baseline,736,2.0309048693090146
OLMo-2-1124-7B-DPO,self_conditioned_baseline,737,2.03052523513511
OLMo-2-1124-7B-DPO,self_conditioned_baseline,738,2.030244981271779
OLMo-2-1124-7B-DPO,self_conditioned_baseline,739,2.0298610256327105
OLMo-2-1124-7B-DPO,self_conditioned_baseline,740,2.0294068773872898
OLMo-2-1124-7B-DPO,self_conditioned_baseline,741,2.029134876438856
OLMo-2-1124-7B-DPO,self_conditioned_baseline,742,2.028973841943621
OLMo-2-1124-7B-DPO,self_conditioned_baseline,743,2.0285744139395008
OLMo-2-1124-7B-DPO,self_conditioned_baseline,744,2.0187590751773747
OLMo-2-1124-7B-DPO,self_conditioned_baseline,745,2.0182217344314743
OLMo-2-1124-7B-DPO,self_conditioned_baseline,746,2.0177940222413002
OLMo-2-1124-7B-DPO,self_conditioned_baseline,747,2.017535295857256
OLMo-2-1124-7B-DPO,self_conditioned_baseline,748,2.01700930743256
OLMo-2-1124-7B-DPO,self_conditioned_baseline,749,2.016506471401647
OLMo-2-1124-7B-DPO,self_conditioned_baseline,750,2.015939892169845
OLMo-2-1124-7B-DPO,self_conditioned_baseline,751,2.0156362355918747
OLMo-2-1124-7B-DPO,self_conditioned_baseline,752,2.015234770241508
OLMo-2-1124-7B-DPO,self_conditioned_baseline,753,2.014887707935138
OLMo-2-1124-7B-DPO,self_conditioned_baseline,754,2.0145095764386536
OLMo-2-1124-7B-DPO,self_conditioned_baseline,755,2.0140151029143265
OLMo-2-1124-7B-DPO,self_conditioned_baseline,756,2.0137836129926767
OLMo-2-1124-7B-DPO,self_conditioned_baseline,757,2.013413804876253
OLMo-2-1124-7B-DPO,self_conditioned_baseline,758,2.0131788338277032
OLMo-2-1124-7B-DPO,self_conditioned_baseline,759,2.012877515204535
OLMo-2-1124-7B-DPO,self_conditioned_baseline,760,2.012481353843974
OLMo-2-1124-7B-DPO,self_conditioned_baseline,761,2.01231633457816
OLMo-2-1124-7B-DPO,self_conditioned_baseline,762,2.0119251491448145
OLMo-2-1124-7B-DPO,self_conditioned_baseline,763,2.0115437063236197
OLMo-2-1124-7B-DPO,self_conditioned_baseline,764,2.0112030748654384
OLMo-2-1124-7B-DPO,self_conditioned_baseline,765,2.010939766838917
OLMo-2-1124-7B-DPO,self_conditioned_baseline,766,2.0108348256762474
OLMo-2-1124-7B-DPO,self_conditioned_baseline,767,2.010871628695403
OLMo-2-1124-7B-DPO,self_conditioned_baseline,768,2.0106655362243413
OLMo-2-1124-7B-DPO,self_conditioned_baseline,769,2.0104585751338444
OLMo-2-1124-7B-DPO,self_conditioned_baseline,770,2.010150879902203
OLMo-2-1124-7B-DPO,self_conditioned_baseline,771,2.0098250123893706
OLMo-2-1124-7B-DPO,self_conditioned_baseline,772,2.009795246557055
OLMo-2-1124-7B-DPO,self_conditioned_baseline,773,2.009609802579076
OLMo-2-1124-7B-DPO,self_conditioned_baseline,774,2.0094761190562584
OLMo-2-1124-7B-DPO,self_conditioned_baseline,775,2.0089932876843344
OLMo-2-1124-7B-DPO,self_conditioned_baseline,776,2.008590638514779
OLMo-2-1124-7B-DPO,self_conditioned_baseline,777,2.0082862953953744
OLMo-2-1124-7B-DPO,self_conditioned_baseline,778,2.0079866294493876
OLMo-2-1124-7B-DPO,self_conditioned_baseline,779,2.0078308954069035
OLMo-2-1124-7B-DPO,self_conditioned_baseline,780,2.0073899899947483
OLMo-2-1124-7B-DPO,self_conditioned_baseline,781,2.007151160423016
OLMo-2-1124-7B-DPO,self_conditioned_baseline,782,2.0069227686612527
OLMo-2-1124-7B-DPO,self_conditioned_baseline,783,2.008096863188219
OLMo-2-1124-7B-DPO,self_conditioned_baseline,784,2.007759958049975
OLMo-2-1124-7B-DPO,self_conditioned_baseline,785,2.0073822511805175
OLMo-2-1124-7B-DPO,self_conditioned_baseline,786,2.0071020433156126
OLMo-2-1124-7B-DPO,self_conditioned_baseline,787,2.0069087817194284
OLMo-2-1124-7B-DPO,self_conditioned_baseline,788,2.006643570003066
OLMo-2-1124-7B-DPO,self_conditioned_baseline,789,2.006316690485748
OLMo-2-1124-7B-DPO,self_conditioned_baseline,790,2.0058199346142045
OLMo-2-1124-7B-DPO,self_conditioned_baseline,791,2.005451152083588
OLMo-2-1124-7B-DPO,self_conditioned_baseline,792,2.005006365296914
OLMo-2-1124-7B-DPO,self_conditioned_baseline,793,2.004559802122314
OLMo-2-1124-7B-DPO,self_conditioned_baseline,794,2.004062132341467
OLMo-2-1124-7B-DPO,self_conditioned_baseline,795,2.003791573054613
OLMo-2-1124-7B-DPO,self_conditioned_baseline,796,2.003498272455948
OLMo-2-1124-7B-DPO,self_conditioned_baseline,797,2.0031014740191377
OLMo-2-1124-7B-DPO,self_conditioned_baseline,798,2.0027924719956025
OLMo-2-1124-7B-DPO,self_conditioned_baseline,799,2.0023969892632585
OLMo-2-1124-7B-DPO,self_conditioned_baseline,800,2.001963456474292
OLMo-2-1124-7B-DPO,self_conditioned_baseline,801,2.001687003443197
OLMo-2-1124-7B-DPO,self_conditioned_baseline,802,2.0013849537333845
OLMo-2-1124-7B-DPO,self_conditioned_baseline,803,2.0010968630667763
OLMo-2-1124-7B-DPO,self_conditioned_baseline,804,2.0009628778125097
OLMo-2-1124-7B-DPO,self_conditioned_baseline,805,2.000752608431755
OLMo-2-1124-7B-DPO,self_conditioned_baseline,806,2.0005504840335795
OLMo-2-1124-7B-DPO,self_conditioned_baseline,807,2.000287499029845
OLMo-2-1124-7B-DPO,self_conditioned_baseline,808,2.0000242171993636
OLMo-2-1124-7B-DPO,self_conditioned_baseline,809,1.9997896213997473
OLMo-2-1124-7B-DPO,self_conditioned_baseline,810,1.999389164929265
OLMo-2-1124-7B-DPO,self_conditioned_baseline,811,1.999160381894432
OLMo-2-1124-7B-DPO,self_conditioned_baseline,812,1.9987510760518008
OLMo-2-1124-7B-DPO,self_conditioned_baseline,813,1.9984488249923793
OLMo-2-1124-7B-DPO,self_conditioned_baseline,814,1.998107881350523
OLMo-2-1124-7B-DPO,self_conditioned_baseline,815,1.9977442900744298
OLMo-2-1124-7B-DPO,self_conditioned_baseline,816,1.997478272905206
OLMo-2-1124-7B-DPO,self_conditioned_baseline,817,1.9972892506300135
OLMo-2-1124-7B-DPO,self_conditioned_baseline,818,1.9969428750300078
OLMo-2-1124-7B-DPO,self_conditioned_baseline,819,1.9966908782492636
OLMo-2-1124-7B-DPO,self_conditioned_baseline,820,1.9965865292582121
OLMo-2-1124-7B-DPO,self_conditioned_baseline,821,1.9964080457714415
OLMo-2-1124-7B-DPO,self_conditioned_baseline,822,1.9962930698801287
OLMo-2-1124-7B-DPO,self_conditioned_baseline,823,1.996037566573138
OLMo-2-1124-7B-DPO,self_conditioned_baseline,824,1.9958462254709337
OLMo-2-1124-7B-DPO,self_conditioned_baseline,825,1.9954931670999225
OLMo-2-1124-7B-DPO,self_conditioned_baseline,826,1.9953414722519844
OLMo-2-1124-7B-DPO,self_conditioned_baseline,827,1.9951548968208752
OLMo-2-1124-7B-DPO,self_conditioned_baseline,828,1.9950951085328714
OLMo-2-1124-7B-DPO,self_conditioned_baseline,829,1.9950171254482865
OLMo-2-1124-7B-DPO,self_conditioned_baseline,830,1.994759942008289
OLMo-2-1124-7B-DPO,self_conditioned_baseline,831,1.994709848696671
OLMo-2-1124-7B-DPO,self_conditioned_baseline,832,1.9945761556965458
OLMo-2-1124-7B-DPO,self_conditioned_baseline,833,1.9943813523468432
OLMo-2-1124-7B-DPO,self_conditioned_baseline,834,1.9941463873963206
OLMo-2-1124-7B-DPO,self_conditioned_baseline,835,1.993895711154935
OLMo-2-1124-7B-DPO,self_conditioned_baseline,836,1.9936085059523732
OLMo-2-1124-7B-DPO,self_conditioned_baseline,837,1.993214978567841
OLMo-2-1124-7B-DPO,self_conditioned_baseline,838,1.9928510095735097
OLMo-2-1124-7B-DPO,self_conditioned_baseline,839,1.9926549145721522
OLMo-2-1124-7B-DPO,self_conditioned_baseline,840,1.9924973310517369
OLMo-2-1124-7B-DPO,self_conditioned_baseline,841,1.9924865821165059
OLMo-2-1124-7B-DPO,self_conditioned_baseline,842,1.992085571183539
OLMo-2-1124-7B-DPO,self_conditioned_baseline,843,1.9917774057861912
OLMo-2-1124-7B-DPO,self_conditioned_baseline,844,1.9914913072996765
OLMo-2-1124-7B-DPO,self_conditioned_baseline,845,1.9911527354557639
OLMo-2-1124-7B-DPO,self_conditioned_baseline,846,1.9786947206708099
OLMo-2-1124-7B-DPO,self_conditioned_baseline,847,1.9784570596057698
OLMo-2-1124-7B-DPO,self_conditioned_baseline,848,1.9832615975352432
OLMo-2-1124-7B-DPO,self_conditioned_baseline,849,1.982967134157617
OLMo-2-1124-7B-DPO,self_conditioned_baseline,850,1.9828360173644701
OLMo-2-1124-7B-DPO,self_conditioned_baseline,851,1.982701471465573
OLMo-2-1124-7B-DPO,self_conditioned_baseline,852,1.9823888239046785
OLMo-2-1124-7B-DPO,self_conditioned_baseline,853,1.9820713133181005
OLMo-2-1124-7B-DPO,self_conditioned_baseline,854,1.9818146318260885
OLMo-2-1124-7B-DPO,self_conditioned_baseline,855,1.9815379916718545
OLMo-2-1124-7B-DPO,self_conditioned_baseline,856,1.981348939413217
OLMo-2-1124-7B-DPO,self_conditioned_baseline,857,1.9811720625574214
OLMo-2-1124-7B-DPO,self_conditioned_baseline,858,1.980915763822938
OLMo-2-1124-7B-DPO,self_conditioned_baseline,859,1.9806191979971743
OLMo-2-1124-7B-DPO,self_conditioned_baseline,860,1.9801815108150975
OLMo-2-1124-7B-DPO,self_conditioned_baseline,861,1.9799095266184763
OLMo-2-1124-7B-DPO,self_conditioned_baseline,862,1.9796097818796479
OLMo-2-1124-7B-DPO,self_conditioned_baseline,863,1.9791444156406743
OLMo-2-1124-7B-DPO,self_conditioned_baseline,864,1.9787285575413136
OLMo-2-1124-7B-DPO,self_conditioned_baseline,865,1.9785503421419695
OLMo-2-1124-7B-DPO,self_conditioned_baseline,866,1.9782269332795688
OLMo-2-1124-7B-DPO,self_conditioned_baseline,867,1.9779786319914534
OLMo-2-1124-7B-DPO,self_conditioned_baseline,868,1.977624249090684
OLMo-2-1124-7B-DPO,self_conditioned_baseline,869,1.9807055026007714
OLMo-2-1124-7B-DPO,self_conditioned_baseline,870,1.9805218548008772
OLMo-2-1124-7B-DPO,self_conditioned_baseline,871,1.9804002409808288
OLMo-2-1124-7B-DPO,self_conditioned_baseline,872,1.9801045295419133
OLMo-2-1124-7B-DPO,self_conditioned_baseline,873,1.9797692980474557
OLMo-2-1124-7B-DPO,self_conditioned_baseline,874,1.9793726818971225
OLMo-2-1124-7B-DPO,self_conditioned_baseline,875,1.9790019213597148
OLMo-2-1124-7B-DPO,self_conditioned_baseline,876,1.9651265837132634
OLMo-2-1124-7B-DPO,self_conditioned_baseline,877,1.9647675471370334
OLMo-2-1124-7B-DPO,self_conditioned_baseline,878,1.9644447644004892
OLMo-2-1124-7B-DPO,self_conditioned_baseline,879,1.9641214181647397
OLMo-2-1124-7B-DPO,self_conditioned_baseline,880,1.963901379719805
OLMo-2-1124-7B-DPO,self_conditioned_baseline,881,1.9636078450235666
OLMo-2-1124-7B-DPO,self_conditioned_baseline,882,1.9631611622673746
OLMo-2-1124-7B-DPO,self_conditioned_baseline,883,1.9629723871992544
OLMo-2-1124-7B-DPO,self_conditioned_baseline,884,1.9626279332991716
OLMo-2-1124-7B-DPO,self_conditioned_baseline,885,1.9622559358618332
OLMo-2-1124-7B-DPO,self_conditioned_baseline,886,1.962027012879605
OLMo-2-1124-7B-DPO,self_conditioned_baseline,887,1.9620108755802235
OLMo-2-1124-7B-DPO,self_conditioned_baseline,888,1.9617398894385554
OLMo-2-1124-7B-DPO,self_conditioned_baseline,889,1.9614207530031451
OLMo-2-1124-7B-DPO,self_conditioned_baseline,890,1.961095969110725
OLMo-2-1124-7B-DPO,self_conditioned_baseline,891,1.9608226109176172
OLMo-2-1124-7B-DPO,self_conditioned_baseline,892,1.9607130835847335
OLMo-2-1124-7B-DPO,self_conditioned_baseline,893,1.960566051722209
OLMo-2-1124-7B-DPO,self_conditioned_baseline,894,1.9604827935553004
OLMo-2-1124-7B-DPO,self_conditioned_baseline,895,1.960239820868832
OLMo-2-1124-7B-DPO,self_conditioned_baseline,896,1.960066152819566
OLMo-2-1124-7B-DPO,self_conditioned_baseline,897,1.9598511862235612
OLMo-2-1124-7B-DPO,self_conditioned_baseline,898,1.959723690317951
OLMo-2-1124-7B-DPO,self_conditioned_baseline,899,1.959424261780938
OLMo-2-1124-7B-DPO,self_conditioned_baseline,900,1.9593384126416151
OLMo-2-1124-7B-DPO,self_conditioned_baseline,901,1.9595070063600153
OLMo-2-1124-7B-DPO,self_conditioned_baseline,902,1.959316884108042
OLMo-2-1124-7B-DPO,self_conditioned_baseline,903,1.9590752455698324
OLMo-2-1124-7B-DPO,self_conditioned_baseline,904,1.958946465535902
OLMo-2-1124-7B-DPO,self_conditioned_baseline,905,1.9581169518071333
OLMo-2-1124-7B-DPO,self_conditioned_baseline,906,1.9578091055196667
OLMo-2-1124-7B-DPO,self_conditioned_baseline,907,1.9575072474451352
OLMo-2-1124-7B-DPO,self_conditioned_baseline,908,1.9572101695678346
OLMo-2-1124-7B-DPO,self_conditioned_baseline,909,1.956859219544069
OLMo-2-1124-7B-DPO,self_conditioned_baseline,910,1.9567150039108963
OLMo-2-1124-7B-DPO,self_conditioned_baseline,911,1.9564266528517935
OLMo-2-1124-7B-DPO,self_conditioned_baseline,912,1.9575880721432035
OLMo-2-1124-7B-DPO,self_conditioned_baseline,913,1.9574764319914055
OLMo-2-1124-7B-DPO,self_conditioned_baseline,914,1.9574049736920638
OLMo-2-1124-7B-DPO,self_conditioned_baseline,915,1.9571380138988064
OLMo-2-1124-7B-DPO,self_conditioned_baseline,916,1.9568399187086376
OLMo-2-1124-7B-DPO,self_conditioned_baseline,917,1.9566626000001524
OLMo-2-1124-7B-DPO,self_conditioned_baseline,918,1.9587302276784242
OLMo-2-1124-7B-DPO,self_conditioned_baseline,919,1.9618961280094227
OLMo-2-1124-7B-DPO,self_conditioned_baseline,920,1.9616436075201344
OLMo-2-1124-7B-DPO,self_conditioned_baseline,921,1.9615205446260056
OLMo-2-1124-7B-DPO,self_conditioned_baseline,922,1.9612679768707098
OLMo-2-1124-7B-DPO,self_conditioned_baseline,923,1.961062091532592
OLMo-2-1124-7B-DPO,self_conditioned_baseline,924,1.9609352212150168
OLMo-2-1124-7B-DPO,self_conditioned_baseline,925,1.960580235524529
OLMo-2-1124-7B-DPO,self_conditioned_baseline,926,1.960424333794965
OLMo-2-1124-7B-DPO,self_conditioned_baseline,927,1.9600567829914843
OLMo-2-1124-7B-DPO,self_conditioned_baseline,928,1.959974052092548
OLMo-2-1124-7B-DPO,self_conditioned_baseline,929,1.9597914011588762
OLMo-2-1124-7B-DPO,self_conditioned_baseline,930,1.9595822779306113
OLMo-2-1124-7B-DPO,self_conditioned_baseline,931,1.96022808397114
OLMo-2-1124-7B-DPO,self_conditioned_baseline,932,1.9680443827060063
OLMo-2-1124-7B-DPO,self_conditioned_baseline,933,1.9677552798960554
OLMo-2-1124-7B-DPO,self_conditioned_baseline,934,1.967546262950752
OLMo-2-1124-7B-DPO,self_conditioned_baseline,935,1.9670165691156112
OLMo-2-1124-7B-DPO,self_conditioned_baseline,936,1.9695944899270306
OLMo-2-1124-7B-DPO,self_conditioned_baseline,937,1.969194769136348
OLMo-2-1124-7B-DPO,self_conditioned_baseline,938,1.9746520709297477
OLMo-2-1124-7B-DPO,self_conditioned_baseline,939,1.9744882830883674
OLMo-2-1124-7B-DPO,self_conditioned_baseline,940,1.9742343438757943
OLMo-2-1124-7B-DPO,self_conditioned_baseline,941,1.9740358933789561
OLMo-2-1124-7B-DPO,self_conditioned_baseline,942,1.9736375184881771
OLMo-2-1124-7B-DPO,self_conditioned_baseline,943,1.9733314228088048
OLMo-2-1124-7B-DPO,self_conditioned_baseline,944,1.9863011594043887
OLMo-2-1124-7B-DPO,self_conditioned_baseline,945,1.9859264779472858
OLMo-2-1124-7B-DPO,self_conditioned_baseline,946,1.9855772310570097
OLMo-2-1124-7B-DPO,self_conditioned_baseline,947,1.9850950307950639
OLMo-2-1124-7B-DPO,self_conditioned_baseline,948,1.9847508695303948
OLMo-2-1124-7B-DPO,self_conditioned_baseline,949,1.9844823302636765
OLMo-2-1124-7B-DPO,self_conditioned_baseline,950,1.9843199759226242
OLMo-2-1124-7B-DPO,self_conditioned_baseline,951,1.984154064691517
OLMo-2-1124-7B-DPO,self_conditioned_baseline,952,1.9837530214120702
OLMo-2-1124-7B-DPO,self_conditioned_baseline,953,1.9833198156775893
OLMo-2-1124-7B-DPO,self_conditioned_baseline,954,1.9830979262449908
OLMo-2-1124-7B-DPO,self_conditioned_baseline,955,1.982957966546372
OLMo-2-1124-7B-DPO,self_conditioned_baseline,956,1.9828103057509618
OLMo-2-1124-7B-DPO,self_conditioned_baseline,957,1.9824875297418991
OLMo-2-1124-7B-DPO,self_conditioned_baseline,958,1.9822524350365218
OLMo-2-1124-7B-DPO,self_conditioned_baseline,959,1.9821080859123903
OLMo-2-1124-7B-DPO,self_conditioned_baseline,960,1.9817909401614264
OLMo-2-1124-7B-DPO,self_conditioned_baseline,961,1.9813085900855012
OLMo-2-1124-7B-DPO,self_conditioned_baseline,962,1.980866543484297
OLMo-2-1124-7B-DPO,self_conditioned_baseline,963,1.980428864360252
OLMo-2-1124-7B-DPO,self_conditioned_baseline,964,1.9801407966377338
OLMo-2-1124-7B-DPO,self_conditioned_baseline,965,1.980005820754134
OLMo-2-1124-7B-DPO,self_conditioned_baseline,966,1.9800554149415102
OLMo-2-1124-7B-DPO,self_conditioned_baseline,967,1.9799285129670217
OLMo-2-1124-7B-DPO,self_conditioned_baseline,968,1.979673599860798
OLMo-2-1124-7B-DPO,self_conditioned_baseline,969,1.9795078034107474
OLMo-2-1124-7B-DPO,self_conditioned_baseline,970,1.9792183472157776
OLMo-2-1124-7B-DPO,self_conditioned_baseline,971,1.9789945736428014
OLMo-2-1124-7B-DPO,self_conditioned_baseline,972,1.978744364522737
OLMo-2-1124-7B-DPO,self_conditioned_baseline,973,1.9786823524391248
OLMo-2-1124-7B-DPO,self_conditioned_baseline,974,1.9784092903918433
OLMo-2-1124-7B-DPO,self_conditioned_baseline,975,1.978135922962334
OLMo-2-1124-7B-DPO,self_conditioned_baseline,976,1.9778764916559843
OLMo-2-1124-7B-DPO,self_conditioned_baseline,977,1.9777293695143636
OLMo-2-1124-7B-DPO,self_conditioned_baseline,978,1.9775762671221866
OLMo-2-1124-7B-DPO,self_conditioned_baseline,979,1.9772331632592397
OLMo-2-1124-7B-DPO,self_conditioned_baseline,980,1.9770446422950356
OLMo-2-1124-7B-DPO,self_conditioned_baseline,981,1.9767375004099084
OLMo-2-1124-7B-DPO,self_conditioned_baseline,982,1.9763669758889166
OLMo-2-1124-7B-DPO,self_conditioned_baseline,983,1.9760931970996556
OLMo-2-1124-7B-DPO,self_conditioned_baseline,984,1.9757709069840907
OLMo-2-1124-7B-DPO,self_conditioned_baseline,985,1.9754950882814626
OLMo-2-1124-7B-DPO,self_conditioned_baseline,986,1.975490368512346
OLMo-2-1124-7B-DPO,self_conditioned_baseline,987,1.9752255674490213
OLMo-2-1124-7B-DPO,self_conditioned_baseline,988,1.9750438147430749
OLMo-2-1124-7B-DPO,self_conditioned_baseline,989,1.9748795864487028
OLMo-2-1124-7B-DPO,self_conditioned_baseline,990,1.9747000706016846
OLMo-2-1124-7B-DPO,self_conditioned_baseline,991,1.9744595578140525
OLMo-2-1124-7B-DPO,self_conditioned_baseline,992,1.9742179558146107
OLMo-2-1124-7B-DPO,self_conditioned_baseline,993,1.973804997116518
OLMo-2-1124-7B-DPO,self_conditioned_baseline,994,1.9735293691728195
OLMo-2-1124-7B-DPO,self_conditioned_baseline,995,1.9732201373986362
OLMo-2-1124-7B-DPO,self_conditioned_baseline,996,1.973079493960547
OLMo-2-1124-7B-DPO,self_conditioned_baseline,997,1.9727527176173931
OLMo-2-1124-7B-DPO,self_conditioned_baseline,998,1.9723870330800521
OLMo-2-1124-7B-DPO,self_conditioned_baseline,999,1.9723866091450202
OLMo-2-1124-7B-DPO,self_conditioned_baseline,1000,1.9723302465762824
OLMo-2-1124-7B-DPO,self_conditioned_baseline,1001,1.972039082019912
OLMo-2-1124-7B-DPO,self_conditioned_baseline,1002,1.9719753049876123
OLMo-2-1124-7B-DPO,self_conditioned_baseline,1003,1.9717838040435964
OLMo-2-1124-7B-DPO,self_conditioned_baseline,1004,1.9715566511621272
OLMo-2-1124-7B-DPO,self_conditioned_baseline,1005,1.9714299211223263
OLMo-2-1124-7B-DPO,self_conditioned_baseline,1006,1.9711020264039842
OLMo-2-1124-7B-DPO,self_conditioned_baseline,1007,1.9710400400156298
OLMo-2-1124-7B-DPO,self_conditioned_baseline,1008,1.970799125229934
OLMo-2-1124-7B-DPO,self_conditioned_baseline,1009,1.9704495670799074
OLMo-2-1124-7B-DPO,self_conditioned_baseline,1010,1.9702041232608916
OLMo-2-1124-7B-DPO,self_conditioned_baseline,1011,1.9755627759805707
OLMo-2-1124-7B-DPO,self_conditioned_baseline,1012,1.9752402735537453
OLMo-2-1124-7B-DPO,self_conditioned_baseline,1013,1.975122256821229
OLMo-2-1124-7B-DPO,self_conditioned_baseline,1014,1.975007307112681
OLMo-2-1124-7B-DPO,self_conditioned_baseline,1015,1.974852430827928
OLMo-2-1124-7B-DPO,self_conditioned_baseline,1016,1.9743933080670264
OLMo-2-1124-7B-DPO,self_conditioned_baseline,1017,1.9740729653879692
OLMo-2-1124-7B-DPO,self_conditioned_baseline,1018,1.9738231326920488
OLMo-2-1124-7B-DPO,self_conditioned_baseline,1019,1.9735319875733355
OLMo-2-1124-7B-DPO,self_conditioned_baseline,1020,1.9732952320245098
OLMo-2-1124-7B-DPO,self_conditioned_baseline,1021,1.9730141452665626
OLMo-2-1124-7B-DPO,self_conditioned_baseline,1022,1.9727016686286054
OLMo-2-1124-7B-DPO,self_conditioned_baseline,1023,1.972506172763136
OLMo-2-1124-7B-DPO,external_random_delta_2,30,30.22677313348247
OLMo-2-1124-7B-DPO,external_random_delta_2,31,26.771083238590272
OLMo-2-1124-7B-DPO,external_random_delta_2,32,24.16683251439642
OLMo-2-1124-7B-DPO,external_random_delta_2,33,22.378123770192495
OLMo-2-1124-7B-DPO,external_random_delta_2,34,20.6757604633166
OLMo-2-1124-7B-DPO,external_random_delta_2,35,19.496710914401053
OLMo-2-1124-7B-DPO,external_random_delta_2,36,18.31953571103501
OLMo-2-1124-7B-DPO,external_random_delta_2,37,17.308585330327112
OLMo-2-1124-7B-DPO,external_random_delta_2,38,16.605718810001385
OLMo-2-1124-7B-DPO,external_random_delta_2,39,15.697703124960588
OLMo-2-1124-7B-DPO,external_random_delta_2,40,14.868015975435082
OLMo-2-1124-7B-DPO,external_random_delta_2,41,14.11839716015115
OLMo-2-1124-7B-DPO,external_random_delta_2,42,13.454170715586901
OLMo-2-1124-7B-DPO,external_random_delta_2,43,12.893490754049598
OLMo-2-1124-7B-DPO,external_random_delta_2,44,12.405686150957031
OLMo-2-1124-7B-DPO,external_random_delta_2,45,11.977238592154025
OLMo-2-1124-7B-DPO,external_random_delta_2,46,11.546673244963628
OLMo-2-1124-7B-DPO,external_random_delta_2,47,11.16302638738563
OLMo-2-1124-7B-DPO,external_random_delta_2,48,10.837249889519555
OLMo-2-1124-7B-DPO,external_random_delta_2,49,10.486764295077753
OLMo-2-1124-7B-DPO,external_random_delta_2,50,10.173652664835345
OLMo-2-1124-7B-DPO,external_random_delta_2,51,9.88713231101443
OLMo-2-1124-7B-DPO,external_random_delta_2,52,9.590954344260423
OLMo-2-1124-7B-DPO,external_random_delta_2,53,9.33779193256778
OLMo-2-1124-7B-DPO,external_random_delta_2,54,9.063121020490337
OLMo-2-1124-7B-DPO,external_random_delta_2,55,8.811623700413964
OLMo-2-1124-7B-DPO,external_random_delta_2,56,8.589282355675191
OLMo-2-1124-7B-DPO,external_random_delta_2,57,8.382135399323923
OLMo-2-1124-7B-DPO,external_random_delta_2,58,8.179409737898691
OLMo-2-1124-7B-DPO,external_random_delta_2,59,8.001054336788279
OLMo-2-1124-7B-DPO,external_random_delta_2,60,7.820692319454588
OLMo-2-1124-7B-DPO,external_random_delta_2,61,7.648338985319936
OLMo-2-1124-7B-DPO,external_random_delta_2,62,7.46807237827763
OLMo-2-1124-7B-DPO,external_random_delta_2,63,7.307760169825042
OLMo-2-1124-7B-DPO,external_random_delta_2,64,7.137814758899114
OLMo-2-1124-7B-DPO,external_random_delta_2,65,7.008797416438116
OLMo-2-1124-7B-DPO,external_random_delta_2,66,6.880642724956256
OLMo-2-1124-7B-DPO,external_random_delta_2,67,6.7636624646117856
OLMo-2-1124-7B-DPO,external_random_delta_2,68,6.640289838493307
OLMo-2-1124-7B-DPO,external_random_delta_2,69,6.525967405716843
OLMo-2-1124-7B-DPO,external_random_delta_2,70,6.4067813953738
OLMo-2-1124-7B-DPO,external_random_delta_2,71,6.312565222727326
OLMo-2-1124-7B-DPO,external_random_delta_2,72,6.223285056605137
OLMo-2-1124-7B-DPO,external_random_delta_2,73,6.1283819819324075
OLMo-2-1124-7B-DPO,external_random_delta_2,74,6.037181005823588
OLMo-2-1124-7B-DPO,external_random_delta_2,75,5.957891775367849
OLMo-2-1124-7B-DPO,external_random_delta_2,76,5.880181755544926
OLMo-2-1124-7B-DPO,external_random_delta_2,77,5.79929503028786
OLMo-2-1124-7B-DPO,external_random_delta_2,78,5.723785203069499
OLMo-2-1124-7B-DPO,external_random_delta_2,79,5.648109143688093
OLMo-2-1124-7B-DPO,external_random_delta_2,80,5.579190007150588
OLMo-2-1124-7B-DPO,external_random_delta_2,81,5.516959770275637
OLMo-2-1124-7B-DPO,external_random_delta_2,82,5.443884253021957
OLMo-2-1124-7B-DPO,external_random_delta_2,83,5.375687487759262
OLMo-2-1124-7B-DPO,external_random_delta_2,84,5.311069721607888
OLMo-2-1124-7B-DPO,external_random_delta_2,85,5.258808065020883
OLMo-2-1124-7B-DPO,external_random_delta_2,86,5.199652892964584
OLMo-2-1124-7B-DPO,external_random_delta_2,87,5.138075107839705
OLMo-2-1124-7B-DPO,external_random_delta_2,88,5.082371787421008
OLMo-2-1124-7B-DPO,external_random_delta_2,89,5.024422307470207
OLMo-2-1124-7B-DPO,external_random_delta_2,90,4.96968750524164
OLMo-2-1124-7B-DPO,external_random_delta_2,91,4.925553689860992
OLMo-2-1124-7B-DPO,external_random_delta_2,92,4.874836024701271
OLMo-2-1124-7B-DPO,external_random_delta_2,93,4.830912909054225
OLMo-2-1124-7B-DPO,external_random_delta_2,94,4.786261891157084
OLMo-2-1124-7B-DPO,external_random_delta_2,95,4.745431389054974
OLMo-2-1124-7B-DPO,external_random_delta_2,96,4.7072662684059265
OLMo-2-1124-7B-DPO,external_random_delta_2,97,4.658320687857423
OLMo-2-1124-7B-DPO,external_random_delta_2,98,4.623148116303393
OLMo-2-1124-7B-DPO,external_random_delta_2,99,4.582963613156663
OLMo-2-1124-7B-DPO,external_random_delta_2,100,4.543535903568299
OLMo-2-1124-7B-DPO,external_random_delta_2,101,4.5107008283205445
OLMo-2-1124-7B-DPO,external_random_delta_2,102,4.476226309514265
OLMo-2-1124-7B-DPO,external_random_delta_2,103,4.44031370962099
OLMo-2-1124-7B-DPO,external_random_delta_2,104,4.397267039925286
OLMo-2-1124-7B-DPO,external_random_delta_2,105,4.357231731872766
OLMo-2-1124-7B-DPO,external_random_delta_2,106,4.31912268925015
OLMo-2-1124-7B-DPO,external_random_delta_2,107,4.288037165345573
OLMo-2-1124-7B-DPO,external_random_delta_2,108,4.251616065379307
OLMo-2-1124-7B-DPO,external_random_delta_2,109,4.219515529753155
OLMo-2-1124-7B-DPO,external_random_delta_2,110,4.190576089758063
OLMo-2-1124-7B-DPO,external_random_delta_2,111,4.160684087791672
OLMo-2-1124-7B-DPO,external_random_delta_2,112,4.133232307295307
OLMo-2-1124-7B-DPO,external_random_delta_2,113,4.105401681097983
OLMo-2-1124-7B-DPO,external_random_delta_2,114,4.0797508673383955
OLMo-2-1124-7B-DPO,external_random_delta_2,115,4.056656701993341
OLMo-2-1124-7B-DPO,external_random_delta_2,116,4.031158244346118
OLMo-2-1124-7B-DPO,external_random_delta_2,117,4.008599578699375
OLMo-2-1124-7B-DPO,external_random_delta_2,118,3.983669795364027
OLMo-2-1124-7B-DPO,external_random_delta_2,119,3.9592854985979002
OLMo-2-1124-7B-DPO,external_random_delta_2,120,3.9369255717470955
OLMo-2-1124-7B-DPO,external_random_delta_2,121,3.9150882951825343
OLMo-2-1124-7B-DPO,external_random_delta_2,122,3.892981069506096
OLMo-2-1124-7B-DPO,external_random_delta_2,123,3.872059652661928
OLMo-2-1124-7B-DPO,external_random_delta_2,124,3.8476900230636795
OLMo-2-1124-7B-DPO,external_random_delta_2,125,3.827926309996959
OLMo-2-1124-7B-DPO,external_random_delta_2,126,3.808325953552108
OLMo-2-1124-7B-DPO,external_random_delta_2,127,3.7866032601617396
OLMo-2-1124-7B-DPO,external_random_delta_2,128,3.7640228592587825
OLMo-2-1124-7B-DPO,external_random_delta_2,129,3.7446289062095075
OLMo-2-1124-7B-DPO,external_random_delta_2,130,3.7251155038075003
OLMo-2-1124-7B-DPO,external_random_delta_2,131,3.7030678213480583
OLMo-2-1124-7B-DPO,external_random_delta_2,132,3.684891044098845
OLMo-2-1124-7B-DPO,external_random_delta_2,133,3.6663354698186224
OLMo-2-1124-7B-DPO,external_random_delta_2,134,3.6493142656088224
OLMo-2-1124-7B-DPO,external_random_delta_2,135,3.6301004994618267
OLMo-2-1124-7B-DPO,external_random_delta_2,136,3.6101643807971344
OLMo-2-1124-7B-DPO,external_random_delta_2,137,3.5911169392454148
OLMo-2-1124-7B-DPO,external_random_delta_2,138,3.5749282136643785
OLMo-2-1124-7B-DPO,external_random_delta_2,139,3.55706168016958
OLMo-2-1124-7B-DPO,external_random_delta_2,140,3.53927345148432
OLMo-2-1124-7B-DPO,external_random_delta_2,141,3.5241312849595943
OLMo-2-1124-7B-DPO,external_random_delta_2,142,3.5099478811041807
OLMo-2-1124-7B-DPO,external_random_delta_2,143,3.4937290240217926
OLMo-2-1124-7B-DPO,external_random_delta_2,144,3.479272517237521
OLMo-2-1124-7B-DPO,external_random_delta_2,145,3.4649299403496294
OLMo-2-1124-7B-DPO,external_random_delta_2,146,3.45050324748875
OLMo-2-1124-7B-DPO,external_random_delta_2,147,3.432862396364046
OLMo-2-1124-7B-DPO,external_random_delta_2,148,3.418613061013473
OLMo-2-1124-7B-DPO,external_random_delta_2,149,3.40348421473382
OLMo-2-1124-7B-DPO,external_random_delta_2,150,3.38983994420846
OLMo-2-1124-7B-DPO,external_random_delta_2,151,3.3759264603570935
OLMo-2-1124-7B-DPO,external_random_delta_2,152,3.3620124134572995
OLMo-2-1124-7B-DPO,external_random_delta_2,153,3.3481798497290383
OLMo-2-1124-7B-DPO,external_random_delta_2,154,3.3329204454930434
OLMo-2-1124-7B-DPO,external_random_delta_2,155,3.319295852295266
OLMo-2-1124-7B-DPO,external_random_delta_2,156,3.3068790979795155
OLMo-2-1124-7B-DPO,external_random_delta_2,157,3.2959671991996564
OLMo-2-1124-7B-DPO,external_random_delta_2,158,3.2841672661000203
OLMo-2-1124-7B-DPO,external_random_delta_2,159,3.271514893017116
OLMo-2-1124-7B-DPO,external_random_delta_2,160,3.261544292687013
OLMo-2-1124-7B-DPO,external_random_delta_2,161,3.249386231556103
OLMo-2-1124-7B-DPO,external_random_delta_2,162,3.2367209136444712
OLMo-2-1124-7B-DPO,external_random_delta_2,163,3.2257630866518405
OLMo-2-1124-7B-DPO,external_random_delta_2,164,3.212439731347164
OLMo-2-1124-7B-DPO,external_random_delta_2,165,3.2002229535015148
OLMo-2-1124-7B-DPO,external_random_delta_2,166,3.189988534865278
OLMo-2-1124-7B-DPO,external_random_delta_2,167,3.1792659392907097
OLMo-2-1124-7B-DPO,external_random_delta_2,168,3.1652331820784223
OLMo-2-1124-7B-DPO,external_random_delta_2,169,3.1548106956888367
OLMo-2-1124-7B-DPO,external_random_delta_2,170,3.14478368567574
OLMo-2-1124-7B-DPO,external_random_delta_2,171,3.135838860105769
OLMo-2-1124-7B-DPO,external_random_delta_2,172,3.1256941759279613
OLMo-2-1124-7B-DPO,external_random_delta_2,173,3.1152799072971407
OLMo-2-1124-7B-DPO,external_random_delta_2,174,3.107496520842204
OLMo-2-1124-7B-DPO,external_random_delta_2,175,3.098426718344722
OLMo-2-1124-7B-DPO,external_random_delta_2,176,3.0874468894229423
OLMo-2-1124-7B-DPO,external_random_delta_2,177,3.077190164925696
OLMo-2-1124-7B-DPO,external_random_delta_2,178,3.067158370654552
OLMo-2-1124-7B-DPO,external_random_delta_2,179,3.0579649318584825
OLMo-2-1124-7B-DPO,external_random_delta_2,180,3.04798489885139
OLMo-2-1124-7B-DPO,external_random_delta_2,181,3.0369806384758733
OLMo-2-1124-7B-DPO,external_random_delta_2,182,3.026070908130919
OLMo-2-1124-7B-DPO,external_random_delta_2,183,3.0182979701679304
OLMo-2-1124-7B-DPO,external_random_delta_2,184,3.0098709073516643
OLMo-2-1124-7B-DPO,external_random_delta_2,185,3.0023064881721337
OLMo-2-1124-7B-DPO,external_random_delta_2,186,2.9953703128852296
OLMo-2-1124-7B-DPO,external_random_delta_2,187,2.987052738973879
OLMo-2-1124-7B-DPO,external_random_delta_2,188,2.978158500283174
OLMo-2-1124-7B-DPO,external_random_delta_2,189,2.9688262268395373
OLMo-2-1124-7B-DPO,external_random_delta_2,190,2.963197857411347
OLMo-2-1124-7B-DPO,external_random_delta_2,191,2.9548170632788002
OLMo-2-1124-7B-DPO,external_random_delta_2,192,2.9474472502287417
OLMo-2-1124-7B-DPO,external_random_delta_2,193,2.939465717119997
OLMo-2-1124-7B-DPO,external_random_delta_2,194,2.93155467043207
OLMo-2-1124-7B-DPO,external_random_delta_2,195,2.923702145439976
OLMo-2-1124-7B-DPO,external_random_delta_2,196,2.916283750914593
OLMo-2-1124-7B-DPO,external_random_delta_2,197,2.9087601947423183
OLMo-2-1124-7B-DPO,external_random_delta_2,198,2.9007970952540507
OLMo-2-1124-7B-DPO,external_random_delta_2,199,2.893734230332183
OLMo-2-1124-7B-DPO,external_random_delta_2,200,2.8848890677228742
OLMo-2-1124-7B-DPO,external_random_delta_2,201,2.877449317276319
OLMo-2-1124-7B-DPO,external_random_delta_2,202,2.870031307513706
OLMo-2-1124-7B-DPO,external_random_delta_2,203,2.863335406220983
OLMo-2-1124-7B-DPO,external_random_delta_2,204,2.855648911919925
OLMo-2-1124-7B-DPO,external_random_delta_2,205,2.84944375144401
OLMo-2-1124-7B-DPO,external_random_delta_2,206,2.843206539525663
OLMo-2-1124-7B-DPO,external_random_delta_2,207,2.8371780178780925
OLMo-2-1124-7B-DPO,external_random_delta_2,208,2.8311898830420814
OLMo-2-1124-7B-DPO,external_random_delta_2,209,2.825299013839982
OLMo-2-1124-7B-DPO,external_random_delta_2,210,2.8211415965245674
OLMo-2-1124-7B-DPO,external_random_delta_2,211,2.814991664499146
OLMo-2-1124-7B-DPO,external_random_delta_2,212,2.809544988418002
OLMo-2-1124-7B-DPO,external_random_delta_2,213,2.804509497323953
OLMo-2-1124-7B-DPO,external_random_delta_2,214,2.7992514467734124
OLMo-2-1124-7B-DPO,external_random_delta_2,215,2.7934339372961934
OLMo-2-1124-7B-DPO,external_random_delta_2,216,2.7881758731083415
OLMo-2-1124-7B-DPO,external_random_delta_2,217,2.782860508359982
OLMo-2-1124-7B-DPO,external_random_delta_2,218,2.7770774583642006
OLMo-2-1124-7B-DPO,external_random_delta_2,219,2.770713219681912
OLMo-2-1124-7B-DPO,external_random_delta_2,220,2.7658302872705405
OLMo-2-1124-7B-DPO,external_random_delta_2,221,2.76016344544514
OLMo-2-1124-7B-DPO,external_random_delta_2,222,2.753157935158288
OLMo-2-1124-7B-DPO,external_random_delta_2,223,2.7472616309464946
OLMo-2-1124-7B-DPO,external_random_delta_2,224,2.7427909333531995
OLMo-2-1124-7B-DPO,external_random_delta_2,225,2.7379760540343034
OLMo-2-1124-7B-DPO,external_random_delta_2,226,2.7324933606128106
OLMo-2-1124-7B-DPO,external_random_delta_2,227,2.7288571608258665
OLMo-2-1124-7B-DPO,external_random_delta_2,228,2.72491074913525
OLMo-2-1124-7B-DPO,external_random_delta_2,229,2.720271461459432
OLMo-2-1124-7B-DPO,external_random_delta_2,230,2.715142268354145
OLMo-2-1124-7B-DPO,external_random_delta_2,231,2.709330950424354
OLMo-2-1124-7B-DPO,external_random_delta_2,232,2.70455961663661
OLMo-2-1124-7B-DPO,external_random_delta_2,233,2.69923614052795
OLMo-2-1124-7B-DPO,external_random_delta_2,234,2.693304457074545
OLMo-2-1124-7B-DPO,external_random_delta_2,235,2.6889398439491243
OLMo-2-1124-7B-DPO,external_random_delta_2,236,2.684043298704231
OLMo-2-1124-7B-DPO,external_random_delta_2,237,2.68025227885561
OLMo-2-1124-7B-DPO,external_random_delta_2,238,2.675441877902688
OLMo-2-1124-7B-DPO,external_random_delta_2,239,2.6703435710800476
OLMo-2-1124-7B-DPO,external_random_delta_2,240,2.6653361207118036
OLMo-2-1124-7B-DPO,external_random_delta_2,241,2.6612945265990215
OLMo-2-1124-7B-DPO,external_random_delta_2,242,2.6568346519232886
OLMo-2-1124-7B-DPO,external_random_delta_2,243,2.6524244062939983
OLMo-2-1124-7B-DPO,external_random_delta_2,244,2.64831539118866
OLMo-2-1124-7B-DPO,external_random_delta_2,245,2.644969444394873
OLMo-2-1124-7B-DPO,external_random_delta_2,246,2.641203850808643
OLMo-2-1124-7B-DPO,external_random_delta_2,247,2.637480300360654
OLMo-2-1124-7B-DPO,external_random_delta_2,248,2.6328395699079365
OLMo-2-1124-7B-DPO,external_random_delta_2,249,2.628601545366235
OLMo-2-1124-7B-DPO,external_random_delta_2,250,2.6238195450771737
OLMo-2-1124-7B-DPO,external_random_delta_2,251,2.6209414171215397
OLMo-2-1124-7B-DPO,external_random_delta_2,252,2.616941572676735
OLMo-2-1124-7B-DPO,external_random_delta_2,253,2.6129437534173072
OLMo-2-1124-7B-DPO,external_random_delta_2,254,2.6089380384142338
OLMo-2-1124-7B-DPO,external_random_delta_2,255,2.604990473982896
OLMo-2-1124-7B-DPO,external_random_delta_2,256,2.601617882677462
OLMo-2-1124-7B-DPO,external_random_delta_2,257,2.5978259908225096
OLMo-2-1124-7B-DPO,external_random_delta_2,258,2.594201151068582
OLMo-2-1124-7B-DPO,external_random_delta_2,259,2.592103843310955
OLMo-2-1124-7B-DPO,external_random_delta_2,260,2.588880292168044
OLMo-2-1124-7B-DPO,external_random_delta_2,261,2.585407910385533
OLMo-2-1124-7B-DPO,external_random_delta_2,262,2.5828467931423753
OLMo-2-1124-7B-DPO,external_random_delta_2,263,2.5789188097853524
OLMo-2-1124-7B-DPO,external_random_delta_2,264,2.575859356521951
OLMo-2-1124-7B-DPO,external_random_delta_2,265,2.5723153544296062
OLMo-2-1124-7B-DPO,external_random_delta_2,266,2.56941326014301
OLMo-2-1124-7B-DPO,external_random_delta_2,267,2.5664242584016415
OLMo-2-1124-7B-DPO,external_random_delta_2,268,2.56362154734937
OLMo-2-1124-7B-DPO,external_random_delta_2,269,2.559620918279317
OLMo-2-1124-7B-DPO,external_random_delta_2,270,2.5560458271589956
OLMo-2-1124-7B-DPO,external_random_delta_2,271,2.5536948711099905
OLMo-2-1124-7B-DPO,external_random_delta_2,272,2.5505407918190843
OLMo-2-1124-7B-DPO,external_random_delta_2,273,2.5469792486865845
OLMo-2-1124-7B-DPO,external_random_delta_2,274,2.5433872885025983
OLMo-2-1124-7B-DPO,external_random_delta_2,275,2.539117801948268
OLMo-2-1124-7B-DPO,external_random_delta_2,276,2.5360339237413867
OLMo-2-1124-7B-DPO,external_random_delta_2,277,2.5331406168391037
OLMo-2-1124-7B-DPO,external_random_delta_2,278,2.530512888729212
OLMo-2-1124-7B-DPO,external_random_delta_2,279,2.528337482635615
OLMo-2-1124-7B-DPO,external_random_delta_2,280,2.5255010524915176
OLMo-2-1124-7B-DPO,external_random_delta_2,281,2.5212628671300217
OLMo-2-1124-7B-DPO,external_random_delta_2,282,2.5175314986446984
OLMo-2-1124-7B-DPO,external_random_delta_2,283,2.514712742574329
OLMo-2-1124-7B-DPO,external_random_delta_2,284,2.511041218999685
OLMo-2-1124-7B-DPO,external_random_delta_2,285,2.507660455080627
OLMo-2-1124-7B-DPO,external_random_delta_4,60,33.559622184625425
OLMo-2-1124-7B-DPO,external_random_delta_4,61,30.425012765966734
OLMo-2-1124-7B-DPO,external_random_delta_4,62,28.32571839324301
OLMo-2-1124-7B-DPO,external_random_delta_4,63,26.897726767082037
OLMo-2-1124-7B-DPO,external_random_delta_4,64,25.552599255254556
OLMo-2-1124-7B-DPO,external_random_delta_4,65,24.11328209019147
OLMo-2-1124-7B-DPO,external_random_delta_4,66,22.691645491935237
OLMo-2-1124-7B-DPO,external_random_delta_4,67,21.65138337882265
OLMo-2-1124-7B-DPO,external_random_delta_4,68,20.620275408974987
OLMo-2-1124-7B-DPO,external_random_delta_4,69,19.882981959355405
OLMo-2-1124-7B-DPO,external_random_delta_4,70,19.208563750157776
OLMo-2-1124-7B-DPO,external_random_delta_4,71,18.544735531709936
OLMo-2-1124-7B-DPO,external_random_delta_4,72,17.763577486448675
OLMo-2-1124-7B-DPO,external_random_delta_4,73,17.165887732009658
OLMo-2-1124-7B-DPO,external_random_delta_4,74,16.575563666885607
OLMo-2-1124-7B-DPO,external_random_delta_4,75,16.096593512420874
OLMo-2-1124-7B-DPO,external_random_delta_4,76,15.651722296705316
OLMo-2-1124-7B-DPO,external_random_delta_4,77,15.206046684470781
OLMo-2-1124-7B-DPO,external_random_delta_4,78,14.791555653491846
OLMo-2-1124-7B-DPO,external_random_delta_4,79,14.386506263070444
OLMo-2-1124-7B-DPO,external_random_delta_4,80,14.056609053537732
OLMo-2-1124-7B-DPO,external_random_delta_4,81,13.667029138760267
OLMo-2-1124-7B-DPO,external_random_delta_4,82,13.297358726075021
OLMo-2-1124-7B-DPO,external_random_delta_4,83,12.930631471093083
OLMo-2-1124-7B-DPO,external_random_delta_4,84,12.608160431991354
OLMo-2-1124-7B-DPO,external_random_delta_4,85,12.298668698618155
OLMo-2-1124-7B-DPO,external_random_delta_4,86,11.998658788995384
OLMo-2-1124-7B-DPO,external_random_delta_4,87,11.706786017340837
OLMo-2-1124-7B-DPO,external_random_delta_4,88,11.435523893399306
OLMo-2-1124-7B-DPO,external_random_delta_4,89,11.16910577598802
OLMo-2-1124-7B-DPO,external_random_delta_4,90,10.880618337689956
OLMo-2-1124-7B-DPO,external_random_delta_4,91,10.60519801587817
OLMo-2-1124-7B-DPO,external_random_delta_4,92,10.326840377298293
OLMo-2-1124-7B-DPO,external_random_delta_4,93,10.068993826999911
OLMo-2-1124-7B-DPO,external_random_delta_4,94,9.84060356916786
OLMo-2-1124-7B-DPO,external_random_delta_4,95,9.621584049688371
OLMo-2-1124-7B-DPO,external_random_delta_4,96,9.407285995427067
OLMo-2-1124-7B-DPO,external_random_delta_4,97,9.226358132046064
OLMo-2-1124-7B-DPO,external_random_delta_4,98,9.035618180473287
OLMo-2-1124-7B-DPO,external_random_delta_4,99,8.854541815621259
OLMo-2-1124-7B-DPO,external_random_delta_4,100,8.671743683588735
OLMo-2-1124-7B-DPO,external_random_delta_4,101,8.513446738198745
OLMo-2-1124-7B-DPO,external_random_delta_4,102,8.368819533732392
OLMo-2-1124-7B-DPO,external_random_delta_4,103,8.216096601730362
OLMo-2-1124-7B-DPO,external_random_delta_4,104,8.06049800657162
OLMo-2-1124-7B-DPO,external_random_delta_4,105,7.916605852535961
OLMo-2-1124-7B-DPO,external_random_delta_4,106,7.789410330830604
OLMo-2-1124-7B-DPO,external_random_delta_4,107,7.660488505164949
OLMo-2-1124-7B-DPO,external_random_delta_4,108,7.524384395322977
OLMo-2-1124-7B-DPO,external_random_delta_4,109,7.3999590304414955
OLMo-2-1124-7B-DPO,external_random_delta_4,110,7.275790085892554
OLMo-2-1124-7B-DPO,external_random_delta_4,111,7.162639032971008
OLMo-2-1124-7B-DPO,external_random_delta_4,112,7.055744464251772
OLMo-2-1124-7B-DPO,external_random_delta_4,113,6.958494314420602
OLMo-2-1124-7B-DPO,external_random_delta_4,114,6.859714697950194
OLMo-2-1124-7B-DPO,external_random_delta_4,115,6.7636540748007
OLMo-2-1124-7B-DPO,external_random_delta_4,116,6.670640093904373
OLMo-2-1124-7B-DPO,external_random_delta_4,117,6.580024283749255
OLMo-2-1124-7B-DPO,external_random_delta_4,118,6.489847628310559
OLMo-2-1124-7B-DPO,external_random_delta_4,119,6.405822233037682
OLMo-2-1124-7B-DPO,external_random_delta_4,120,6.32566652242056
OLMo-2-1124-7B-DPO,external_random_delta_4,121,6.244105743600057
OLMo-2-1124-7B-DPO,external_random_delta_4,122,6.166259413589695
OLMo-2-1124-7B-DPO,external_random_delta_4,123,6.08340966849401
OLMo-2-1124-7B-DPO,external_random_delta_4,124,6.012622184430285
OLMo-2-1124-7B-DPO,external_random_delta_4,125,5.946468941873392
OLMo-2-1124-7B-DPO,external_random_delta_4,126,5.885785072752265
OLMo-2-1124-7B-DPO,external_random_delta_4,127,5.823972323934348
OLMo-2-1124-7B-DPO,external_random_delta_4,128,5.761170004272585
OLMo-2-1124-7B-DPO,external_random_delta_4,129,5.702644666132004
OLMo-2-1124-7B-DPO,external_random_delta_4,130,5.6407410442481
OLMo-2-1124-7B-DPO,external_random_delta_4,131,5.581169540601229
OLMo-2-1124-7B-DPO,external_random_delta_4,132,5.527717771192436
OLMo-2-1124-7B-DPO,external_random_delta_4,133,5.4779118911152676
OLMo-2-1124-7B-DPO,external_random_delta_4,134,5.426767258323329
OLMo-2-1124-7B-DPO,external_random_delta_4,135,5.372586704331191
OLMo-2-1124-7B-DPO,external_random_delta_4,136,5.324094157297856
OLMo-2-1124-7B-DPO,external_random_delta_4,137,5.277242080507972
OLMo-2-1124-7B-DPO,external_random_delta_4,138,5.224562327459025
OLMo-2-1124-7B-DPO,external_random_delta_4,139,5.182777683793392
OLMo-2-1124-7B-DPO,external_random_delta_4,140,5.135986238659005
OLMo-2-1124-7B-DPO,external_random_delta_4,141,5.088100355950414
OLMo-2-1124-7B-DPO,external_random_delta_4,142,5.041307695999279
OLMo-2-1124-7B-DPO,external_random_delta_4,143,4.993647412966575
OLMo-2-1124-7B-DPO,external_random_delta_4,144,4.950916772398944
OLMo-2-1124-7B-DPO,external_random_delta_4,145,4.913987474511375
OLMo-2-1124-7B-DPO,external_random_delta_4,146,4.87200512676674
OLMo-2-1124-7B-DPO,external_random_delta_4,147,4.8343593416773
OLMo-2-1124-7B-DPO,external_random_delta_4,148,4.795283085069085
OLMo-2-1124-7B-DPO,external_random_delta_4,149,4.766087747505411
OLMo-2-1124-7B-DPO,external_random_delta_4,150,4.73266467748584
OLMo-2-1124-7B-DPO,external_random_delta_4,151,4.695565230727331
OLMo-2-1124-7B-DPO,external_random_delta_4,152,4.662093768419149
OLMo-2-1124-7B-DPO,external_random_delta_4,153,4.631830483459245
OLMo-2-1124-7B-DPO,external_random_delta_4,154,4.598908454674233
OLMo-2-1124-7B-DPO,external_random_delta_4,155,4.56799222647607
OLMo-2-1124-7B-DPO,external_random_delta_4,156,4.540053440865533
OLMo-2-1124-7B-DPO,external_random_delta_4,157,4.510061792657092
OLMo-2-1124-7B-DPO,external_random_delta_4,158,4.480855413824938
OLMo-2-1124-7B-DPO,external_random_delta_4,159,4.4475335138123535
OLMo-2-1124-7B-DPO,external_random_delta_4,160,4.420062520332989
OLMo-2-1124-7B-DPO,external_random_delta_4,161,4.393878805591581
OLMo-2-1124-7B-DPO,external_random_delta_4,162,4.366143296731711
OLMo-2-1124-7B-DPO,external_random_delta_4,163,4.33829616402504
OLMo-2-1124-7B-DPO,external_random_delta_4,164,4.3125825548415095
OLMo-2-1124-7B-DPO,external_random_delta_4,165,4.283453901489577
OLMo-2-1124-7B-DPO,external_random_delta_4,166,4.257345006819831
OLMo-2-1124-7B-DPO,external_random_delta_4,167,4.233511752766922
OLMo-2-1124-7B-DPO,external_random_delta_4,168,4.206076408538058
OLMo-2-1124-7B-DPO,external_random_delta_4,169,4.179087389394901
OLMo-2-1124-7B-DPO,external_random_delta_4,170,4.15517114126416
OLMo-2-1124-7B-DPO,external_random_delta_4,171,4.130897999985158
OLMo-2-1124-7B-DPO,external_random_delta_4,172,4.1065981067240624
OLMo-2-1124-7B-DPO,external_random_delta_4,173,4.083402191740129
OLMo-2-1124-7B-DPO,external_random_delta_4,174,4.06179607897474
OLMo-2-1124-7B-DPO,external_random_delta_4,175,4.042700315245716
OLMo-2-1124-7B-DPO,external_random_delta_4,176,4.022825626177137
OLMo-2-1124-7B-DPO,external_random_delta_4,177,3.999734239349743
OLMo-2-1124-7B-DPO,external_random_delta_4,178,3.9768407197434357
OLMo-2-1124-7B-DPO,external_random_delta_4,179,3.9539217866633143
OLMo-2-1124-7B-DPO,external_random_delta_4,180,3.9335969185374227
OLMo-2-1124-7B-DPO,external_random_delta_4,181,3.912086125704949
OLMo-2-1124-7B-DPO,external_random_delta_4,182,3.890758779272317
OLMo-2-1124-7B-DPO,external_random_delta_4,183,3.8687580417367284
OLMo-2-1124-7B-DPO,external_random_delta_4,184,3.8496021368450477
OLMo-2-1124-7B-DPO,external_random_delta_4,185,3.831275654412463
OLMo-2-1124-7B-DPO,external_random_delta_4,186,3.811678492790753
OLMo-2-1124-7B-DPO,external_random_delta_4,187,3.793531564293633
OLMo-2-1124-7B-DPO,external_random_delta_4,188,3.775373254911107
OLMo-2-1124-7B-DPO,external_random_delta_4,189,3.7591453423343646
OLMo-2-1124-7B-DPO,external_random_delta_4,190,3.742063665241253
OLMo-2-1124-7B-DPO,external_random_delta_4,191,3.7252346646343346
OLMo-2-1124-7B-DPO,external_random_delta_4,192,3.7081679298559385
OLMo-2-1124-7B-DPO,external_random_delta_4,193,3.689630024372233
OLMo-2-1124-7B-DPO,external_random_delta_4,194,3.6734964402392576
OLMo-2-1124-7B-DPO,external_random_delta_4,195,3.658686587188299
OLMo-2-1124-7B-DPO,external_random_delta_4,196,3.641648953101375
OLMo-2-1124-7B-DPO,external_random_delta_4,197,3.625433950905132
OLMo-2-1124-7B-DPO,external_random_delta_4,198,3.6128781299168127
OLMo-2-1124-7B-DPO,external_random_delta_4,199,3.5985300249834884
OLMo-2-1124-7B-DPO,external_random_delta_4,200,3.584282209599774
OLMo-2-1124-7B-DPO,external_random_delta_4,201,3.5704725711242276
OLMo-2-1124-7B-DPO,external_random_delta_4,202,3.5549748222080373
OLMo-2-1124-7B-DPO,external_random_delta_4,203,3.5396455594502725
OLMo-2-1124-7B-DPO,external_random_delta_4,204,3.5282023380042546
OLMo-2-1124-7B-DPO,external_random_delta_4,205,3.5132092916953654
OLMo-2-1124-7B-DPO,external_random_delta_4,206,3.499391868625293
OLMo-2-1124-7B-DPO,external_random_delta_4,207,3.4859820566260793
OLMo-2-1124-7B-DPO,external_random_delta_4,208,3.4734178345839437
OLMo-2-1124-7B-DPO,external_random_delta_4,209,3.4626629183540345
OLMo-2-1124-7B-DPO,external_random_delta_4,210,3.4492562520843366
OLMo-2-1124-7B-DPO,external_random_delta_4,211,3.4374920941323053
OLMo-2-1124-7B-DPO,external_random_delta_4,212,3.425564815910616
OLMo-2-1124-7B-DPO,external_random_delta_4,213,3.415456181139772
OLMo-2-1124-7B-DPO,external_random_delta_4,214,3.405557255855347
OLMo-2-1124-7B-DPO,external_random_delta_4,215,3.392852619551717
OLMo-2-1124-7B-DPO,external_random_delta_4,216,3.3816776588297044
OLMo-2-1124-7B-DPO,external_random_delta_4,217,3.369342140554674
OLMo-2-1124-7B-DPO,external_random_delta_4,218,3.3588428219254225
OLMo-2-1124-7B-DPO,external_random_delta_4,219,3.34961446921022
OLMo-2-1124-7B-DPO,external_random_delta_4,220,3.3380290452856456
OLMo-2-1124-7B-DPO,external_random_delta_4,221,3.327474102468777
OLMo-2-1124-7B-DPO,external_random_delta_4,222,3.3163725587860426
OLMo-2-1124-7B-DPO,external_random_delta_4,223,3.3060299787511873
OLMo-2-1124-7B-DPO,external_random_delta_4,224,3.294732955593338
OLMo-2-1124-7B-DPO,external_random_delta_4,225,3.2848813814203552
OLMo-2-1124-7B-DPO,external_random_delta_4,226,3.2757567590631043
OLMo-2-1124-7B-DPO,external_random_delta_4,227,3.268523028596949
OLMo-2-1124-7B-DPO,external_random_delta_4,228,3.2572648228648005
OLMo-2-1124-7B-DPO,external_random_delta_4,229,3.2470016130210366
OLMo-2-1124-7B-DPO,external_random_delta_4,230,3.237401223236296
OLMo-2-1124-7B-DPO,external_random_delta_4,231,3.2273444223294385
OLMo-2-1124-7B-DPO,external_random_delta_4,232,3.2189303789511
OLMo-2-1124-7B-DPO,external_random_delta_4,233,3.2103390195643584
OLMo-2-1124-7B-DPO,external_random_delta_4,234,3.2003563489532802
OLMo-2-1124-7B-DPO,external_random_delta_4,235,3.191921937283943
OLMo-2-1124-7B-DPO,external_random_delta_4,236,3.1833611760451737
OLMo-2-1124-7B-DPO,external_random_delta_4,237,3.176609896758594
OLMo-2-1124-7B-DPO,external_random_delta_4,238,3.166620356514847
OLMo-2-1124-7B-DPO,external_random_delta_4,239,3.156680377016582
OLMo-2-1124-7B-DPO,external_random_delta_4,240,3.1484180170138667
OLMo-2-1124-7B-DPO,external_random_delta_4,241,3.1409061261269287
OLMo-2-1124-7B-DPO,external_random_delta_4,242,3.1327412447491936
OLMo-2-1124-7B-DPO,external_random_delta_4,243,3.1231564687618345
OLMo-2-1124-7B-DPO,external_random_delta_4,244,3.1154094495127147
OLMo-2-1124-7B-DPO,external_random_delta_4,245,3.107434716144995
OLMo-2-1124-7B-DPO,external_random_delta_4,246,3.0997826915177047
OLMo-2-1124-7B-DPO,external_random_delta_4,247,3.0928362072684057
OLMo-2-1124-7B-DPO,external_random_delta_4,248,3.0836285217795054
OLMo-2-1124-7B-DPO,external_random_delta_4,249,3.075777308615668
OLMo-2-1124-7B-DPO,external_random_delta_4,250,3.0683870812182903
OLMo-2-1124-7B-DPO,external_random_delta_4,251,3.0608401031746215
OLMo-2-1124-7B-DPO,external_random_delta_4,252,3.0520816139796443
OLMo-2-1124-7B-DPO,external_random_delta_4,253,3.045269692515359
OLMo-2-1124-7B-DPO,external_random_delta_4,254,3.038957629423929
OLMo-2-1124-7B-DPO,external_random_delta_4,255,3.0318412187812043
OLMo-2-1124-7B-DPO,external_random_delta_4,256,3.0256466492944556
OLMo-2-1124-7B-DPO,external_random_delta_4,257,3.0175881873633044
OLMo-2-1124-7B-DPO,external_random_delta_4,258,3.0106672057701607
OLMo-2-1124-7B-DPO,external_random_delta_4,259,3.005235961202575
OLMo-2-1124-7B-DPO,external_random_delta_4,260,2.9984152875942707
OLMo-2-1124-7B-DPO,external_random_delta_4,261,2.9910484550640324
OLMo-2-1124-7B-DPO,external_random_delta_4,262,2.9838419083735075
OLMo-2-1124-7B-DPO,external_random_delta_4,263,2.976350380896552
OLMo-2-1124-7B-DPO,external_random_delta_4,264,2.969677042886889
OLMo-2-1124-7B-DPO,external_random_delta_4,265,2.963817395461681
OLMo-2-1124-7B-DPO,external_random_delta_4,266,2.9570481498858876
OLMo-2-1124-7B-DPO,external_random_delta_4,267,2.9510917931505323
OLMo-2-1124-7B-DPO,external_random_delta_4,268,2.945620975403842
OLMo-2-1124-7B-DPO,external_random_delta_4,269,2.939662999633579
OLMo-2-1124-7B-DPO,external_random_delta_4,270,2.933710375373047
OLMo-2-1124-7B-DPO,external_random_delta_4,271,2.9280768024196275
OLMo-2-1124-7B-DPO,external_random_delta_4,272,2.922616634420793
OLMo-2-1124-7B-DPO,external_random_delta_4,273,2.9153150177207197
OLMo-2-1124-7B-DPO,external_random_delta_4,274,2.9108187907977787
OLMo-2-1124-7B-DPO,external_random_delta_4,275,2.9054067527485086
OLMo-2-1124-7B-DPO,external_random_delta_4,276,2.9000873936625506
OLMo-2-1124-7B-DPO,external_random_delta_4,277,2.894628882721964
OLMo-2-1124-7B-DPO,external_random_delta_4,278,2.8880686984003754
OLMo-2-1124-7B-DPO,external_random_delta_4,279,2.883420407469423
OLMo-2-1124-7B-DPO,external_random_delta_4,280,2.8787470216266042
OLMo-2-1124-7B-DPO,external_random_delta_4,281,2.87281619095644
OLMo-2-1124-7B-DPO,external_random_delta_4,282,2.867917456157523
OLMo-2-1124-7B-DPO,external_random_delta_4,283,2.861589892465427
OLMo-2-1124-7B-DPO,external_random_delta_4,284,2.8568412577083953
OLMo-2-1124-7B-DPO,external_random_delta_4,285,2.852042315767582
OLMo-2-1124-7B-DPO,external_random_delta_4,286,2.8479787383031647
OLMo-2-1124-7B-DPO,external_random_delta_4,287,2.842625147844765
OLMo-2-1124-7B-DPO,external_random_delta_4,288,2.8380663586852415
OLMo-2-1124-7B-DPO,external_random_delta_4,289,2.83252975516902
OLMo-2-1124-7B-DPO,external_random_delta_4,290,2.8280365138254906
OLMo-2-1124-7B-DPO,external_random_delta_4,291,2.822713684860968
OLMo-2-1124-7B-DPO,external_random_delta_4,292,2.8175523937924614
OLMo-2-1124-7B-DPO,external_random_delta_4,293,2.812481775799442
OLMo-2-1124-7B-DPO,external_random_delta_4,294,2.807520692432102
OLMo-2-1124-7B-DPO,external_random_delta_4,295,2.8024678488687753
OLMo-2-1124-7B-DPO,external_random_delta_4,296,2.798019740369609
OLMo-2-1124-7B-DPO,external_random_delta_4,297,2.7931458331694436
OLMo-2-1124-7B-DPO,external_random_delta_4,298,2.7882342537585085
OLMo-2-1124-7B-DPO,external_random_delta_4,299,2.78300347173589
OLMo-2-1124-7B-DPO,external_random_delta_4,300,2.779194316981478
OLMo-2-1124-7B-DPO,external_random_delta_4,301,2.775054400981556
OLMo-2-1124-7B-DPO,external_random_delta_4,302,2.769781614656494
OLMo-2-1124-7B-DPO,external_random_delta_4,303,2.764917454994247
OLMo-2-1124-7B-DPO,external_random_delta_4,304,2.760256773227567
OLMo-2-1124-7B-DPO,external_random_delta_4,305,2.7560565536278374
OLMo-2-1124-7B-DPO,external_random_delta_4,306,2.750871457366766
OLMo-2-1124-7B-DPO,external_random_delta_4,307,2.745628117701351
OLMo-2-1124-7B-DPO,external_random_delta_4,308,2.7402373574603573
OLMo-2-1124-7B-DPO,external_random_delta_4,309,2.735376295916888
OLMo-2-1124-7B-DPO,external_random_delta_4,310,2.731348804269279
OLMo-2-1124-7B-DPO,external_random_delta_4,311,2.726703616269601
OLMo-2-1124-7B-DPO,external_random_delta_4,312,2.7224697809956018
OLMo-2-1124-7B-DPO,external_random_delta_4,313,2.7173521586692693
OLMo-2-1124-7B-DPO,external_random_delta_4,314,2.713698594146494
OLMo-2-1124-7B-DPO,external_random_delta_4,315,2.710009025611141
